wavenumber1,beta_sheet1,beta_turn,alpha_helix,beta_sheet,side_chain,wavenumber2,globulins
1600.627,3.71189E-83,9.60368E-24,5.50072E-22,4.26517E-13,1.05561E-07,1700.908,-8.71315E-08
1600.827763,8.25832E-83,1.19582E-23,7.23225E-22,5.23733E-13,1.18181E-07,1698.979,2.17869E-06
1600.928144,1.23097E-82,1.33409E-23,8.2898E-22,5.8011E-13,1.24978E-07,1697.051,6.60763E-06
1601.028526,1.83404E-82,1.48814E-23,9.49973E-22,6.42371E-13,1.3212E-07,1695.122,1.17814E-05
1601.128907,2.73134E-82,1.65974E-23,1.08836E-21,7.11111E-13,1.39619E-07,1693.194,1.63548E-05
1601.229288,4.06581E-82,1.85087E-23,1.24662E-21,7.86981E-13,1.4749E-07,1691.265,1.95677E-05
1601.32967,6.04956E-82,2.06371E-23,1.42754E-21,8.70696E-13,1.5575E-07,1689.337,2.14116E-05
1601.430051,8.99717E-82,2.30069E-23,1.63432E-21,9.63041E-13,1.64413E-07,1687.408,2.23599E-05
1601.530432,1.3375E-81,2.56453E-23,1.87062E-21,1.06487E-12,1.73496E-07,1685.48,2.2763E-05
1601.630814,1.9874E-81,2.85821E-23,2.14056E-21,1.17714E-12,1.83015E-07,1683.552,2.26894E-05
1601.731195,2.95178E-81,3.18507E-23,2.44887E-21,1.30086E-12,1.92986E-07,1681.623,2.22934E-05
1601.831577,4.38214E-81,3.5488E-23,2.80092E-21,1.43718E-12,2.03429E-07,1679.695,2.18575E-05
1601.931958,6.50272E-81,3.95351E-23,3.20281E-21,1.58733E-12,2.14359E-07,1677.766,2.15242E-05
1602.032339,9.64514E-81,4.40374E-23,3.66149E-21,1.75267E-12,2.25795E-07,1675.838,2.139E-05
1602.132721,1.42997E-80,4.90454E-23,4.18486E-21,1.93467E-12,2.37757E-07,1673.909,2.16901E-05
1602.233102,2.1191E-80,5.46152E-23,4.78189E-21,2.13496E-12,2.50262E-07,1671.981,2.27469E-05
1602.333483,3.13892E-80,6.08088E-23,5.46279E-21,2.3553E-12,2.63331E-07,1670.052,2.4991E-05
1602.433865,4.64745E-80,6.76951E-23,6.23914E-21,2.59765E-12,2.76982E-07,1668.124,2.90186E-05
1602.534246,6.87788E-80,7.53506E-23,7.12412E-21,2.86411E-12,2.91237E-07,1666.195,3.52087E-05
1602.556,7.48724E-80,7.71191E-23,7.33165E-21,2.92525E-12,2.94408E-07,1664.267,4.31767E-05
1602.634628,1.01742E-79,8.38598E-23,8.13268E-21,3.157E-12,3.06115E-07,1662.338,5.15485E-05
1602.735009,1.50435E-79,9.33166E-23,9.2818E-21,3.47884E-12,3.21639E-07,1660.41,5.82565E-05
1602.83539,2.22333E-79,1.03825E-22,1.05908E-20,3.83239E-12,3.37828E-07,1658.481,6.12453E-05
1602.935772,3.28447E-79,1.155E-22,1.20814E-20,4.22067E-12,3.54705E-07,1656.553,5.93522E-05
1603.036153,4.84988E-79,1.2847E-22,1.37786E-20,4.64695E-12,3.72291E-07,1654.625,5.28842E-05
1603.136535,7.15817E-79,1.42876E-22,1.57104E-20,5.11482E-12,3.90609E-07,1652.696,4.3617E-05
1603.236916,1.05603E-78,1.58875E-22,1.79087E-20,5.62819E-12,4.09681E-07,1650.768,3.41339E-05
1603.337297,1.55725E-78,1.7664E-22,2.04098E-20,6.19131E-12,4.29531E-07,1648.839,2.69764E-05
1603.437679,2.29534E-78,1.96363E-22,2.32546E-20,6.80881E-12,4.5018E-07,1646.911,2.39517E-05
1603.53806,3.38173E-78,2.18257E-22,2.64896E-20,7.48576E-12,4.71653E-07,1644.982,2.54893E-05
1603.638441,4.98007E-78,2.42559E-22,3.01674E-20,8.22765E-12,4.93973E-07,1643.054,3.04125E-05
1603.738823,7.33057E-78,2.69527E-22,3.43476E-20,9.04049E-12,5.17164E-07,1641.125,3.67123E-05
1603.839204,1.07856E-77,2.99451E-22,3.90977E-20,9.93077E-12,5.41249E-07,1639.197,4.23702E-05
1603.939586,1.5862E-77,3.3265E-22,4.4494E-20,1.09056E-11,5.66253E-07,1637.268,4.5505E-05
1604.039967,2.33172E-77,3.69476E-22,5.06229E-20,1.19727E-11,5.922E-07,1635.34,4.4769E-05
1604.140348,3.4261E-77,4.10321E-22,5.75824E-20,1.31404E-11,6.19113E-07,1633.411,3.99658E-05
1604.24073,5.03185E-77,4.55617E-22,6.54829E-20,1.4418E-11,6.47017E-07,1631.483,3.20667E-05
1604.341111,7.38689E-77,5.0584E-22,7.44495E-20,1.58151E-11,6.75936E-07,1629.554,2.2932E-05
1604.441492,1.08393E-76,5.6152E-22,8.46237E-20,1.73427E-11,7.05894E-07,1627.626,1.48514E-05
1604.484,1.27487E-76,5.86883E-22,8.93343E-20,1.80317E-11,7.189E-07,1625.698,9.55666E-06
1604.541874,1.58981E-76,6.2324E-22,9.61653E-20,1.90124E-11,7.36916E-07,1623.769,7.47907E-06
1604.642255,2.33074E-76,6.91644E-22,1.09255E-19,2.08369E-11,7.69025E-07,1621.841,7.84212E-06
1604.742637,3.41546E-76,7.67447E-22,1.24096E-19,2.28299E-11,8.02246E-07,1619.912,9.17734E-06
1604.843018,5.00275E-76,8.51437E-22,1.4092E-19,2.50064E-11,8.36601E-07,1617.984,1.00241E-05
1604.943399,7.32443E-76,9.44483E-22,1.59986E-19,2.73825E-11,8.72114E-07,1616.055,9.6208E-06
1605.043781,1.07188E-75,1.04755E-21,1.81589E-19,2.99758E-11,9.08809E-07,1614.127,8.11115E-06
1605.144162,1.56791E-75,1.16169E-21,2.06059E-19,3.28054E-11,9.46708E-07,1612.198,6.16626E-06
1605.244544,2.29245E-75,1.2881E-21,2.3377E-19,3.58917E-11,9.85834E-07,1610.27,4.42951E-06
1605.344925,3.35032E-75,1.42805E-21,2.65145E-19,3.92571E-11,1.02621E-06,1608.341,3.20333E-06
1605.445306,4.89416E-75,1.58297E-21,3.00658E-19,4.29258E-11,1.06785E-06,1606.413,2.41628E-06
1605.545688,7.14619E-75,1.75446E-21,3.40847E-19,4.69239E-11,1.11079E-06,1604.484,1.76009E-06
1605.646069,1.04298E-74,1.94425E-21,3.86315E-19,5.12797E-11,1.15504E-06,1602.556,9.45039E-07
1605.74645,1.52154E-74,2.15426E-21,4.37743E-19,5.60237E-11,1.20062E-06,1600.627,-9.31437E-08
1605.846832,2.21868E-74,2.38662E-21,4.95899E-19,6.11891E-11,1.24755E-06,,
1605.947213,3.2338E-74,2.64365E-21,5.61646E-19,6.68117E-11,1.29585E-06,,
1606.047595,4.71124E-74,2.92796E-21,6.35959E-19,7.29299E-11,1.34554E-06,,
1606.147976,6.86062E-74,3.24237E-21,7.19931E-19,7.95856E-11,1.39663E-06,,
1606.248357,9.98611E-74,3.59004E-21,8.14796E-19,8.68239E-11,1.44914E-06,,
1606.348739,1.4529E-73,3.97442E-21,9.2194E-19,9.46933E-11,1.50309E-06,,
1606.413,1.84662E-73,4.24151E-21,9.9769E-19,1.00087E-10,1.53838E-06,,
1606.44912,2.1129E-73,4.39932E-21,1.04292E-18,1.03246E-10,1.55849E-06,,
1606.549502,3.07133E-73,4.86896E-21,1.1795E-18,1.1254E-10,1.61534E-06,,
1606.649883,4.46253E-73,5.38796E-21,1.33364E-18,1.22635E-10,1.67368E-06,,
1606.750264,6.48097E-73,5.96144E-21,1.50757E-18,1.33596E-10,1.73349E-06,,
1606.850646,9.40815E-73,6.59501E-21,1.70377E-18,1.45497E-10,1.7948E-06,,
1606.951027,1.36513E-72,7.29488E-21,1.92505E-18,1.58411E-10,1.85761E-06,,
1607.051408,1.97993E-72,8.06787E-21,2.17454E-18,1.72423E-10,1.92193E-06,,
1607.15179,2.87031E-72,8.92149E-21,2.45578E-18,1.8762E-10,1.98777E-06,,
1607.252171,4.15924E-72,9.86402E-21,2.77272E-18,2.04098E-10,2.05512E-06,,
1607.352553,6.02428E-72,1.09046E-20,3.12982E-18,2.2196E-10,2.12399E-06,,
1607.452934,8.72169E-72,1.20532E-20,3.53207E-18,2.41316E-10,2.19438E-06,,
1607.553315,1.26212E-71,1.33208E-20,3.98506E-18,2.62285E-10,2.2663E-06,,
1607.653697,1.82561E-71,1.47198E-20,4.49507E-18,2.84994E-10,2.33973E-06,,
1607.754078,2.63949E-71,1.62632E-20,5.06914E-18,3.0958E-10,2.41467E-06,,
1607.854459,3.81449E-71,1.7966E-20,5.71515E-18,3.36191E-10,2.49112E-06,,
1607.954841,5.51008E-71,1.98443E-20,6.44195E-18,3.64985E-10,2.56906E-06,,
1608.055222,7.95583E-71,2.19157E-20,7.25944E-18,3.96132E-10,2.6485E-06,,
1608.155604,1.1482E-70,2.42E-20,8.17871E-18,4.29813E-10,2.72941E-06,,
1608.255985,1.65636E-70,2.67185E-20,9.21217E-18,4.66225E-10,2.81178E-06,,
1608.341,2.25829E-70,2.90521E-20,1.0187E-17,4.99353E-10,2.88268E-06,,
1608.356366,2.38835E-70,2.94949E-20,1.03737E-17,5.05576E-10,2.89561E-06,,
1608.456748,3.44228E-70,3.25551E-20,1.1679E-17,5.48091E-10,2.98086E-06,,
1608.557129,4.95906E-70,3.59278E-20,1.31453E-17,5.94012E-10,3.06752E-06,,
1608.657511,7.14099E-70,3.96442E-20,1.47922E-17,6.43596E-10,3.15557E-06,,
1608.757892,1.02783E-69,4.37388E-20,1.66414E-17,6.97118E-10,3.24498E-06,,
1608.858273,1.47874E-69,4.82494E-20,1.87173E-17,7.54875E-10,3.33572E-06,,
1608.958655,2.1265E-69,5.32176E-20,2.10471E-17,8.17184E-10,3.42778E-06,,
1609.059036,3.05664E-69,5.86889E-20,2.36612E-17,8.84381E-10,3.52111E-06,,
1609.159417,4.39167E-69,6.47136E-20,2.65937E-17,9.56831E-10,3.61568E-06,,
1609.259799,6.30695E-69,7.13465E-20,2.98824E-17,1.03492E-09,3.71147E-06,,
1609.36018,9.05345E-69,7.8648E-20,3.35698E-17,1.11906E-09,3.80842E-06,,
1609.460562,1.29902E-68,8.66844E-20,3.77032E-17,1.20969E-09,3.90651E-06,,
1609.560943,1.86303E-68,9.55284E-20,4.23354E-17,1.30729E-09,4.00568E-06,,
1609.661324,2.67074E-68,1.0526E-19,4.75253E-17,1.41236E-09,4.1059E-06,,
1609.761706,3.8269E-68,1.15966E-19,5.33387E-17,1.52544E-09,4.20712E-06,,
1609.862087,5.48111E-68,1.27742E-19,5.98488E-17,1.6471E-09,4.30928E-06,,
1609.962468,7.84684E-68,1.40695E-19,6.71374E-17,1.77795E-09,4.41234E-06,,
1610.06285,1.12286E-67,1.54939E-19,7.52956E-17,1.91864E-09,4.51625E-06,,
1610.163231,1.60607E-67,1.706E-19,8.4425E-17,2.06988E-09,4.62095E-06,,
1610.263613,2.29618E-67,1.87818E-19,9.46385E-17,2.2324E-09,4.72637E-06,,
1610.27,2.34897E-67,1.8897E-19,9.5328E-17,2.24314E-09,4.73311E-06,,
1610.363994,3.28135E-67,2.06744E-19,1.06062E-16,2.40699E-09,4.83247E-06,,
1610.464375,4.68712E-67,2.27544E-19,1.18837E-16,2.59449E-09,4.93918E-06,,
1610.564757,6.69212E-67,2.50402E-19,1.33118E-16,2.79579E-09,5.04643E-06,,
1610.665138,9.55051E-67,2.75516E-19,1.49079E-16,3.01186E-09,5.15417E-06,,
1610.76552,1.36237E-66,3.03106E-19,1.66914E-16,3.24368E-09,5.26231E-06,,
1611.668952,3.26547E-65,7.10945E-19,4.56568E-16,6.24133E-09,6.24205E-06,,
1611.769333,4.63731E-65,7.81023E-19,5.09968E-16,6.70251E-09,6.3502E-06,,
1611.869715,6.58251E-65,8.57887E-19,5.69476E-16,7.19569E-09,6.4579E-06,,
1611.970096,9.33948E-65,9.42181E-19,6.35776E-16,7.72296E-09,6.56507E-06,,
1612.070477,1.32452E-64,1.03461E-18,7.09625E-16,8.28648E-09,6.67163E-06,,
1612.170859,1.87759E-64,1.13594E-18,7.91863E-16,8.88858E-09,6.77749E-06,,
1612.198,2.0632E-64,1.16498E-18,8.15657E-16,9.05831E-09,6.80598E-06,,
1612.27124,2.6604E-64,1.24702E-18,8.83419E-16,9.53169E-09,6.88255E-06,,
1612.371622,3.7679E-64,1.36877E-18,9.85325E-16,1.02184E-08,6.98674E-06,,
1612.472003,5.33404E-64,1.50219E-18,1.09872E-15,1.09515E-08,7.08996E-06,,
1612.572384,7.54777E-64,1.64838E-18,1.22488E-15,1.17337E-08,7.19212E-06,,
1612.672766,1.06755E-63,1.80854E-18,1.36519E-15,1.25683E-08,7.29314E-06,,
1612.773147,1.50924E-63,1.98398E-18,1.52121E-15,1.34583E-08,7.39293E-06,,
1612.873529,2.13274E-63,2.17612E-18,1.69466E-15,1.44073E-08,7.49139E-06,,
1612.97391,3.01246E-63,2.38653E-18,1.88743E-15,1.54187E-08,7.58844E-06,,
1613.074291,4.25314E-63,2.61692E-18,2.10163E-15,1.64965E-08,7.684E-06,,
1613.174673,6.0021E-63,2.86913E-18,2.33957E-15,1.76445E-08,7.77796E-06,,
1613.275054,8.46647E-63,3.1452E-18,2.60383E-15,1.88669E-08,7.87025E-06,,
1613.375435,1.19373E-62,3.44735E-18,2.89725E-15,2.01683E-08,7.96078E-06,,
1613.475817,1.68235E-62,3.77798E-18,3.22295E-15,2.15533E-08,8.04945E-06,,
1613.576198,2.3699E-62,4.13973E-18,3.58442E-15,2.30268E-08,8.1362E-06,,
1613.67658,3.33696E-62,4.53548E-18,3.98547E-15,2.4594E-08,8.22094E-06,,
1613.776961,4.69652E-62,4.96835E-18,4.43033E-15,2.62603E-08,8.30357E-06,,
1613.877342,6.60703E-62,5.44175E-18,4.92366E-15,2.80315E-08,8.38403E-06,,
1613.977724,9.29056E-62,5.95941E-18,5.47062E-15,2.99136E-08,8.46223E-06,,
1614.078105,1.30582E-61,6.52538E-18,6.07688E-15,3.19129E-08,8.5381E-06,,
1614.127,1.54108E-61,6.81987E-18,6.39553E-15,3.29312E-08,8.57418E-06,,
1614.178486,1.83455E-61,7.14409E-18,6.74872E-15,3.40361E-08,8.61155E-06,,
1614.278868,2.5762E-61,7.82034E-18,7.49303E-15,3.62901E-08,8.68253E-06,,
1614.379249,3.61607E-61,8.55939E-18,8.31745E-15,3.86823E-08,8.75095E-06,,
1614.479631,5.07339E-61,9.36694E-18,9.23036E-15,4.12204E-08,8.81674E-06,,
1614.580012,7.11484E-61,1.02492E-17,1.0241E-14,4.39124E-08,8.87984E-06,,
1614.680393,9.97327E-61,1.1213E-17,1.13596E-14,4.67669E-08,8.94019E-06,,
1614.780775,1.39738E-60,1.22656E-17,1.25974E-14,4.97926E-08,8.99771E-06,,
1614.881156,1.95703E-60,1.34152E-17,1.39666E-14,5.29989E-08,9.05236E-06,,
1614.981538,2.73959E-60,1.46704E-17,1.5481E-14,5.63955E-08,9.10407E-06,,
1615.081919,3.83335E-60,1.60408E-17,1.71555E-14,5.99926E-08,9.1528E-06,,
1615.1823,5.36138E-60,1.75367E-17,1.90066E-14,6.38008E-08,9.19848E-06,,
1615.282682,7.49515E-60,1.91693E-17,2.10523E-14,6.78313E-08,9.24108E-06,,
1615.383063,1.04734E-59,2.09509E-17,2.33127E-14,7.20958E-08,9.28054E-06,,
1615.483444,1.46286E-59,2.28949E-17,2.58096E-14,7.66064E-08,9.31683E-06,,
1615.583826,2.04231E-59,2.50157E-17,2.8567E-14,8.13759E-08,9.34991E-06,,
1615.684207,2.85001E-59,2.7329E-17,3.16115E-14,8.64176E-08,9.37974E-06,,
1615.784589,3.97536E-59,2.98519E-17,3.49721E-14,9.17454E-08,9.40628E-06,,
1615.88497,5.54258E-59,3.26032E-17,3.86806E-14,9.73737E-08,9.42952E-06,,
1615.985351,7.72417E-59,3.56029E-17,4.27722E-14,1.03318E-07,9.44943E-06,,
1616.055,9.72182E-59,3.78417E-17,4.58563E-14,1.07636E-07,9.46127E-06,,
1616.085733,1.07596E-58,3.88731E-17,4.72852E-14,1.09593E-07,9.46598E-06,,
1616.186114,1.49812E-58,4.24375E-17,5.22619E-14,1.16216E-07,9.47916E-06,,
1616.286495,2.08499E-58,4.63223E-17,5.77486E-14,1.23205E-07,9.48895E-06,,
1616.386877,2.90045E-58,5.05554E-17,6.3796E-14,1.30576E-07,9.49534E-06,,
1616.487258,4.03303E-58,5.51674E-17,7.04598E-14,1.38348E-07,9.49833E-06,,
1616.58764,5.60535E-58,6.01917E-17,7.7801E-14,1.46541E-07,9.49792E-06,,
1616.688021,7.78717E-58,6.56641E-17,8.58866E-14,1.55175E-07,9.49409E-06,,
1616.788402,1.08134E-57,7.16238E-17,9.47897E-14,1.6427E-07,9.48687E-06,,
1616.888784,1.50089E-57,7.81134E-17,1.04591E-13,1.73849E-07,9.47625E-06,,
1616.989165,2.08229E-57,8.51787E-17,1.15377E-13,1.83933E-07,9.46224E-06,,
1617.089547,2.88761E-57,9.28699E-17,1.27246E-13,1.94547E-07,9.44487E-06,,
1617.189928,4.0026E-57,1.01241E-16,1.40302E-13,2.05714E-07,9.42414E-06,,
1617.290309,5.54562E-57,1.10351E-16,1.54661E-13,2.1746E-07,9.40009E-06,,
1617.390691,7.68003E-57,1.20264E-16,1.70448E-13,2.29811E-07,9.37274E-06,,
1617.491072,1.06312E-56,1.31048E-16,1.87802E-13,2.42793E-07,9.34212E-06,,
1617.591453,1.47098E-56,1.42779E-16,2.06873E-13,2.56436E-07,9.30825E-06,,
1617.691835,2.03439E-56,1.55538E-16,2.27826E-13,2.70767E-07,9.27118E-06,,
1617.792216,2.81235E-56,1.69413E-16,2.50842E-13,2.85818E-07,9.23095E-06,,
1617.892598,3.88605E-56,1.84499E-16,2.76116E-13,3.01618E-07,9.18759E-06,,
1617.984,5.21454E-56,1.99377E-16,3.01275E-13,3.16685E-07,9.14544E-06,,
1617.992979,5.36727E-56,2.009E-16,3.03864E-13,3.18201E-07,9.14116E-06,,
1618.09336,7.40974E-56,2.18728E-16,3.3432E-13,3.35599E-07,9.0917E-06,,
1618.193742,1.02249E-55,2.38104E-16,3.67741E-13,3.53848E-07,9.03926E-06,,
1618.294123,1.41032E-55,2.59159E-16,4.04406E-13,3.72981E-07,8.98391E-06,,
1618.394505,1.94439E-55,2.82036E-16,4.4462E-13,3.93037E-07,8.92568E-06,,
1618.494886,2.67951E-55,3.06889E-16,4.88717E-13,4.14052E-07,8.86466E-06,,
1618.595267,3.69089E-55,3.33884E-16,5.37057E-13,4.36066E-07,8.80089E-06,,
1618.695649,5.08174E-55,3.63201E-16,5.90038E-13,4.59119E-07,8.73445E-06,,
1618.79603,6.99357E-55,3.95037E-16,6.48091E-13,4.83253E-07,8.6654E-06,,
1618.896411,9.62035E-55,4.29602E-16,7.11684E-13,5.08508E-07,8.59382E-06,,
1618.996793,1.32278E-54,4.67124E-16,7.81331E-13,5.34931E-07,8.51976E-06,,
1619.097174,1.81798E-54,5.07851E-16,8.57587E-13,5.62565E-07,8.44332E-06,,
1619.197556,2.49745E-54,5.52051E-16,9.41061E-13,5.91458E-07,8.36456E-06,,
1619.297937,3.42934E-54,6.00012E-16,1.03241E-12,6.21656E-07,8.28356E-06,,
1619.398318,4.70683E-54,6.52046E-16,1.13236E-12,6.53208E-07,8.2004E-06,,
1619.4987,6.45731E-54,7.08492E-16,1.24169E-12,6.86166E-07,8.11517E-06,,
1619.599081,8.85482E-54,7.69714E-16,1.36124E-12,7.2058E-07,8.02794E-06,,
1619.912,2.36265E-53,9.9572E-16,1.81018E-12,8.3779E-07,7.74415E-06,,
1620.100988,4.26481E-53,1.16245E-15,2.14779E-12,9.16389E-07,7.56484E-06,,
1620.201369,5.83257E-53,1.26181E-15,2.35121E-12,9.60696E-07,7.46744E-06,,
1620.301751,7.97306E-53,1.36948E-15,2.57328E-12,1.00686E-06,7.36864E-06,,
1620.402132,1.08942E-52,1.48612E-15,2.81565E-12,1.05493E-06,7.26855E-06,,
1620.502514,1.48789E-52,1.61247E-15,3.0801E-12,1.10499E-06,7.16724E-06,,
1620.602895,2.03119E-52,1.74931E-15,3.36859E-12,1.15709E-06,7.06481E-06,,
1620.703276,2.77164E-52,1.89749E-15,3.68322E-12,1.2113E-06,6.96134E-06,,
1620.803658,3.78032E-52,2.05793E-15,4.02627E-12,1.26768E-06,6.85693E-06,,
1620.904039,5.15376E-52,2.23162E-15,4.40022E-12,1.32631E-06,6.75167E-06,,
1621.00442,7.02305E-52,2.41962E-15,4.80774E-12,1.38725E-06,6.64563E-06,,
1621.104802,9.56605E-52,2.62308E-15,5.25175E-12,1.45058E-06,6.53891E-06,,
1621.205183,1.3024E-51,2.84325E-15,5.7354E-12,1.51636E-06,6.4316E-06,,
1621.305565,1.7724E-51,3.08145E-15,6.26208E-12,1.58468E-06,6.32378E-06,,
1621.405946,2.41093E-51,3.33914E-15,6.83549E-12,1.65559E-06,6.21554E-06,,
1621.506327,3.27802E-51,3.61786E-15,7.45962E-12,1.72919E-06,6.10696E-06,,
1621.606709,4.45497E-51,3.91929E-15,8.13878E-12,1.80554E-06,5.99812E-06,,
1621.70709,6.05178E-51,4.24522E-15,8.87766E-12,1.88471E-06,5.88912E-06,,
1621.807471,8.21725E-51,4.59761E-15,9.6813E-12,1.9668E-06,5.78001E-06,,
1621.841,9.10027E-51,4.72156E-15,9.96508E-12,1.99488E-06,5.74356E-06,,
1621.907853,1.11526E-50,4.97853E-15,1.05552E-11,2.05188E-06,5.6709E-06,,
1622.008234,1.51297E-50,5.39024E-15,1.15051E-11,2.14002E-06,5.56184E-06,,
1622.108616,2.05158E-50,5.83517E-15,1.25376E-11,2.23131E-06,5.45293E-06,,
1622.208997,2.78069E-50,6.31593E-15,1.36595E-11,2.32582E-06,5.34424E-06,,
1622.309378,3.76723E-50,6.83532E-15,1.48781E-11,2.42365E-06,5.23583E-06,,
1622.40976,5.10149E-50,7.39636E-15,1.62016E-11,2.52486E-06,5.12778E-06,,
1622.510141,6.90521E-50,8.00231E-15,1.76387E-11,2.62955E-06,5.02016E-06,,
1622.610523,9.34248E-50,8.65668E-15,1.91986E-11,2.73779E-06,4.91303E-06,,
1622.710904,1.26343E-49,9.36321E-15,2.08914E-11,2.84968E-06,4.80647E-06,,
1622.811285,1.70784E-49,1.0126E-14,2.27281E-11,2.96528E-06,4.70053E-06,,
1622.911667,2.30754E-49,1.09493E-14,2.47203E-11,3.0847E-06,4.59527E-06,,
1623.012048,3.11641E-49,1.18379E-14,2.68807E-11,3.208E-06,4.49076E-06,,
1623.112429,4.20694E-49,1.27967E-14,2.92229E-11,3.33527E-06,4.38706E-06,,
1623.212811,5.67653E-49,1.38313E-14,3.17615E-11,3.4666E-06,4.28421E-06,,
1623.313192,7.65605E-49,1.49474E-14,3.45125E-11,3.60207E-06,4.18227E-06,,
1623.413574,1.03212E-48,1.61512E-14,3.74927E-11,3.74176E-06,4.0813E-06,,
1623.513955,1.3908E-48,1.74495E-14,4.07205E-11,3.88576E-06,3.98133E-06,,
1623.614336,1.87328E-48,1.88494E-14,4.42157E-11,4.03414E-06,3.88242E-06,,
1623.714718,2.522E-48,2.03588E-14,4.79993E-11,4.18698E-06,3.7846E-06,,
1623.769,2.96141E-48,2.12235E-14,5.01735E-11,4.27153E-06,3.73218E-06,,
1623.815099,3.39385E-48,2.19859E-14,5.20942E-11,4.34438E-06,3.68793E-06,,
1623.91548,4.56505E-48,2.37396E-14,5.65249E-11,4.50639E-06,3.59244E-06,,
1624.015862,6.13767E-48,2.56296E-14,6.13178E-11,4.67311E-06,3.49817E-06,,
1624.116243,8.24836E-48,2.76661E-14,6.65012E-11,4.84461E-06,3.40514E-06,,
1624.216625,1.10799E-47,2.98602E-14,7.21054E-11,5.02097E-06,3.31341E-06,,
1624.317006,1.48768E-47,3.22236E-14,7.81632E-11,5.20225E-06,3.22298E-06,,
1624.417387,1.99659E-47,3.47692E-14,8.47096E-11,5.38853E-06,3.1339E-06,,
1624.517769,2.67839E-47,3.75105E-14,9.17824E-11,5.57989E-06,3.04619E-06,,
1624.61815,3.5914E-47,4.04621E-14,9.94218E-11,5.77638E-06,2.95988E-06,,
1624.718532,4.81348E-47,4.36398E-14,1.07671E-10,5.97808E-06,2.87497E-06,,
1624.818913,6.44851E-47,4.70603E-14,1.16577E-10,6.18505E-06,2.7915E-06,,
1624.919294,8.63505E-47,5.07417E-14,1.2619E-10,6.39736E-06,2.70948E-06,,
1625.019676,1.15578E-46,5.47033E-14,1.36563E-10,6.61505E-06,2.62893E-06,,
1625.120057,1.54629E-46,5.89658E-14,1.47752E-10,6.8382E-06,2.54986E-06,,
1625.220438,2.06782E-46,6.35513E-14,1.5982E-10,7.06684E-06,2.47228E-06,,
1625.32082,2.764E-46,6.84836E-14,1.72833E-10,7.30104E-06,2.3962E-06,,
1625.421201,3.69292E-46,7.37882E-14,1.8686E-10,7.54084E-06,2.32163E-06,,
1625.521583,4.93182E-46,7.94924E-14,2.01978E-10,7.78628E-06,2.24857E-06,,
1625.621964,6.58339E-46,8.56253E-14,2.18266E-10,8.03741E-06,2.17703E-06,,
1625.698,8.19103E-46,9.05752E-14,2.31435E-10,8.23144E-06,2.12385E-06,,
1625.722345,8.78409E-46,9.22182E-14,2.35811E-10,8.29426E-06,2.10701E-06,,
1625.822727,1.17152E-45,9.93046E-14,2.54705E-10,8.55687E-06,2.03851E-06,,
1625.923108,1.56173E-45,1.0692E-13,2.75048E-10,8.82526E-06,1.97153E-06,,
1626.023489,2.08099E-45,1.15103E-13,2.96944E-10,9.09946E-06,1.90606E-06,,
1626.123871,2.77165E-45,1.23895E-13,3.20506E-10,9.3795E-06,1.84211E-06,,
1626.224252,3.68987E-45,1.3334E-13,3.45856E-10,9.66538E-06,1.77967E-06,,
1626.324634,4.9101E-45,1.43484E-13,3.7312E-10,9.95712E-06,1.71872E-06,,
1626.425015,6.53091E-45,1.54377E-13,4.02438E-10,1.02547E-05,1.65927E-06,,
1626.525396,8.68286E-45,1.66074E-13,4.33956E-10,1.05582E-05,1.6013E-06,,
1626.625778,1.15387E-44,1.78632E-13,4.67829E-10,1.08676E-05,1.5448E-06,,
1626.726159,1.5327E-44,1.92112E-13,5.04226E-10,1.11828E-05,1.48976E-06,,
1626.826541,2.03499E-44,2.06579E-13,5.43325E-10,1.15038E-05,1.43617E-06,,
1626.926922,2.70067E-44,2.22105E-13,5.85315E-10,1.18307E-05,1.384E-06,,
1627.027303,3.58251E-44,2.38763E-13,6.30399E-10,1.21634E-05,1.33326E-06,,
1627.127685,4.75015E-44,2.56634E-13,6.78793E-10,1.25018E-05,1.28391E-06,,
1627.228066,6.29554E-44,2.75803E-13,7.30728E-10,1.2846E-05,1.23595E-06,,
1627.328447,8.33996E-44,2.96361E-13,7.86447E-10,1.31959E-05,1.18935E-06,,
1627.428829,1.10433E-43,3.18407E-13,8.46213E-10,1.35514E-05,1.14409E-06,,
1627.52921,1.46164E-43,3.42044E-13,9.10302E-10,1.39125E-05,1.10017E-06,,
1627.626,1.91444E-43,3.66446E-13,9.76469E-10,1.42659E-05,1.05905E-06,,
1627.629592,1.9337E-43,3.67383E-13,9.79011E-10,1.42792E-05,1.05755E-06,,
1627.729973,2.55705E-43,3.94543E-13,1.05265E-09,1.46513E-05,1.01622E-06,,
1627.830354,3.37985E-43,4.2365E-13,1.13156E-09,1.50288E-05,9.76151E-07,,
1627.930736,4.46539E-43,4.5484E-13,1.2161E-09,1.54116E-05,9.37327E-07,,
1628.031117,5.89694E-43,4.88256E-13,1.30664E-09,1.57996E-05,8.99724E-07,,
1628.131498,7.78394E-43,5.24053E-13,1.40358E-09,1.61928E-05,8.6332E-07,,
1628.23188,1.02702E-42,5.62394E-13,1.50735E-09,1.6591E-05,8.28092E-07,,
1628.332261,1.35444E-42,6.03453E-13,1.61841E-09,1.69941E-05,7.94017E-07,,
1628.432643,1.78546E-42,6.47419E-13,1.73723E-09,1.7402E-05,7.6107E-07,,
1628.533024,2.35257E-42,6.94488E-13,1.86433E-09,1.78146E-05,7.29229E-07,,
1628.633405,3.09843E-42,7.44873E-13,2.00026E-09,1.82317E-05,6.9847E-07,,
1628.733787,4.07893E-42,7.98799E-13,2.14557E-09,1.86533E-05,6.68768E-07,,
1628.834168,5.36729E-42,8.56507E-13,2.3009E-09,1.90792E-05,6.40099E-07,,
1628.93455,7.05943E-42,9.18254E-13,2.46687E-09,1.95092E-05,6.1244E-07,,
1629.034931,9.28089E-42,9.84311E-13,2.64419E-09,1.99432E-05,5.85765E-07,,
1629.135312,1.21959E-41,1.05497E-12,2.83357E-09,2.0381E-05,5.60052E-07,,
1629.235694,1.60193E-41,1.13054E-12,3.03579E-09,2.08224E-05,5.35275E-07,,
1629.336075,2.1032E-41,1.21135E-12,3.25166E-09,2.12673E-05,5.11411E-07,,
1629.436456,2.76008E-41,1.29775E-12,3.48205E-09,2.17154E-05,4.88435E-07,,
1629.536838,3.62049E-41,1.39011E-12,3.72787E-09,2.21667E-05,4.66324E-07,,
1629.554,3.79224E-41,1.40653E-12,3.77151E-09,2.22442E-05,4.62629E-07,,
1629.637219,4.74699E-41,1.48884E-12,3.99008E-09,2.26209E-05,4.45055E-07,,
1629.737601,6.2212E-41,1.59435E-12,4.26972E-09,2.30777E-05,4.24603E-07,,
1629.837982,8.14959E-41,1.7071E-12,4.56786E-09,2.35371E-05,4.04946E-07,,
1629.938363,1.06709E-40,1.82755E-12,4.88565E-09,2.39987E-05,3.8606E-07,,
1630.038745,1.39661E-40,1.95623E-12,5.2243E-09,2.44623E-05,3.67923E-07,,
1630.139126,1.82706E-40,2.09367E-12,5.58508E-09,2.49278E-05,3.50512E-07,,
1630.239508,2.3891E-40,2.24044E-12,5.96935E-09,2.53948E-05,3.33806E-07,,
1630.339889,3.12264E-40,2.39716E-12,6.37852E-09,2.58632E-05,3.17781E-07,,
1630.44027,4.07958E-40,2.56448E-12,6.81412E-09,2.63326E-05,3.02418E-07,,
1630.540652,5.32738E-40,2.74309E-12,7.27771E-09,2.68029E-05,2.87694E-07,,
1630.641033,6.95372E-40,2.93372E-12,7.77099E-09,2.72738E-05,2.73588E-07,,
1630.741414,9.07248E-40,3.13714E-12,8.29571E-09,2.7745E-05,2.60081E-07,,
1630.841796,1.18315E-39,3.3542E-12,8.85374E-09,2.82163E-05,2.47152E-07,,
1631.14294,2.61705E-39,4.09618E-12,1.07479E-08,2.96276E-05,2.1164E-07,,
1631.243321,3.40681E-39,4.37709E-12,1.14599E-08,3.00964E-05,2.0083E-07,,
1631.343703,4.4329E-39,4.6766E-12,1.22161E-08,3.05637E-05,1.90505E-07,,
1631.444084,5.76545E-39,4.99588E-12,1.30191E-08,3.10295E-05,1.80645E-07,,
1631.483,6.38311E-39,5.12525E-12,1.33436E-08,3.12095E-05,1.76945E-07,,
1631.544465,7.4952E-39,5.33621E-12,1.38716E-08,3.14933E-05,1.71235E-07,,
1631.644847,9.73955E-39,5.6989E-12,1.47764E-08,3.19549E-05,1.62256E-07,,
1631.745228,1.26503E-38,6.08538E-12,1.57364E-08,3.24139E-05,1.53693E-07,,
1631.84561,1.64235E-38,6.49714E-12,1.67548E-08,3.28702E-05,1.4553E-07,,
1631.945991,2.13127E-38,6.93577E-12,1.78348E-08,3.33233E-05,1.37751E-07,,
1632.046372,2.76448E-38,7.40295E-12,1.89799E-08,3.3773E-05,1.30341E-07,,
1632.146754,3.58423E-38,7.90048E-12,2.01936E-08,3.42189E-05,1.23285E-07,,
1632.247135,4.64497E-38,8.43025E-12,2.14799E-08,3.46608E-05,1.16569E-07,,
1632.347517,6.01694E-38,8.99425E-12,2.28425E-08,3.50983E-05,1.1018E-07,,
1632.447898,7.79064E-38,9.59462E-12,2.42859E-08,3.55312E-05,1.04103E-07,,
1632.548279,1.00827E-37,1.02336E-11,2.58142E-08,3.59591E-05,9.83268E-08,,
1632.648661,1.30432E-37,1.09136E-11,2.74321E-08,3.63818E-05,9.28374E-08,,
1632.749042,1.68654E-37,1.16371E-11,2.91445E-08,3.67988E-05,8.7623E-08,,
1632.849423,2.17979E-37,1.24068E-11,3.09563E-08,3.721E-05,8.26718E-08,,
1632.949805,2.81604E-37,1.32255E-11,3.28729E-08,3.7615E-05,7.79725E-08,,
1633.050186,3.63637E-37,1.40962E-11,3.48998E-08,3.80135E-05,7.35138E-08,,
1633.150568,4.69356E-37,1.50221E-11,3.70428E-08,3.84052E-05,6.92853E-08,,
1633.250949,6.05538E-37,1.60066E-11,3.9308E-08,3.87899E-05,6.52765E-08,,
1633.35133,7.80883E-37,1.70531E-11,4.17017E-08,3.91671E-05,6.14777E-08,,
1633.411,9.08124E-37,1.77061E-11,4.31882E-08,3.93878E-05,5.93151E-08,,
1633.451712,1.00655E-36,1.81655E-11,4.42306E-08,3.95367E-05,5.78791E-08,,
1633.552093,1.29685E-36,1.93476E-11,4.69016E-08,3.98984E-05,5.44717E-08,,
1633.652474,1.67013E-36,2.06038E-11,4.9722E-08,4.02518E-05,5.12464E-08,,
1633.752856,2.14989E-36,2.19383E-11,5.26993E-08,4.05967E-05,4.81949E-08,,
1633.853237,2.76623E-36,2.3356E-11,5.58416E-08,4.09329E-05,4.53088E-08,,
1633.953619,3.55765E-36,2.48618E-11,5.91571E-08,4.126E-05,4.25802E-08,,
1634.054,4.57346E-36,2.64608E-11,6.26544E-08,4.15778E-05,4.00016E-08,,
1634.154381,5.87667E-36,2.81587E-11,6.63426E-08,4.18861E-05,3.75657E-08,,
1634.254763,7.54784E-36,2.99612E-11,7.0231E-08,4.21845E-05,3.52654E-08,,
1634.355144,9.68991E-36,3.18746E-11,7.43296E-08,4.24729E-05,3.30942E-08,,
1634.455526,1.24343E-35,3.39054E-11,7.86485E-08,4.2751E-05,3.10455E-08,,
1634.555907,1.59488E-35,3.60603E-11,8.31984E-08,4.30187E-05,2.91131E-08,,
1634.656288,2.04476E-35,3.83468E-11,8.79904E-08,4.32755E-05,2.72912E-08,,
1634.75667,2.62035E-35,4.07724E-11,9.30362E-08,4.35215E-05,2.55742E-08,,
1634.857051,3.35647E-35,4.33453E-11,9.83478E-08,4.37563E-05,2.39566E-08,,
1634.957432,4.29745E-35,4.60739E-11,1.03938E-07,4.39798E-05,2.24333E-08,,
1635.057814,5.49976E-35,4.89674E-11,1.09819E-07,4.41917E-05,2.09993E-08,,
1635.158195,7.0353E-35,5.20351E-11,1.16005E-07,4.43919E-05,1.96499E-08,,
1635.258577,8.99553E-35,5.52871E-11,1.22511E-07,4.45803E-05,1.83806E-08,,
1635.34,1.09766E-34,5.80676E-11,1.28032E-07,4.47243E-05,1.74069E-08,,
1635.358958,1.14968E-34,5.8734E-11,1.2935E-07,4.47567E-05,1.71872E-08,,
1635.459339,1.46869E-34,6.23869E-11,1.36539E-07,4.49208E-05,1.60654E-08,,
1635.559721,1.87538E-34,6.62575E-11,1.44092E-07,4.50727E-05,1.50115E-08,,
1635.660102,2.39362E-34,7.03582E-11,1.52027E-07,4.52121E-05,1.40217E-08,,
1635.760483,3.05369E-34,7.47021E-11,1.6036E-07,4.53389E-05,1.30925E-08,,
1635.860865,3.89404E-34,7.93028E-11,1.6911E-07,4.54531E-05,1.22205E-08,,
1635.961246,4.96341E-34,8.41748E-11,1.78294E-07,4.55545E-05,1.14024E-08,,
1636.061628,6.32363E-34,8.93334E-11,1.87933E-07,4.56431E-05,1.06353E-08,,
1636.162009,8.05299E-34,9.47947E-11,1.98044E-07,4.57187E-05,9.91627E-09,,
1636.26239,1.02507E-33,1.00575E-10,2.0865E-07,4.57813E-05,9.24251E-09,,
1636.362772,1.30423E-33,1.06693E-10,2.19771E-07,4.58309E-05,8.61144E-09,,
1636.463153,1.65868E-33,1.13168E-10,2.3143E-07,4.58674E-05,8.02059E-09,,
1636.563535,2.1085E-33,1.20017E-10,2.43649E-07,4.58908E-05,7.46759E-09,,
1636.663916,2.67911E-33,1.27263E-10,2.56451E-07,4.5901E-05,6.95023E-09,,
1636.764297,3.40262E-33,1.34928E-10,2.69861E-07,4.5898E-05,6.46639E-09,,
1636.864679,4.31957E-33,1.43034E-10,2.83905E-07,4.5882E-05,6.01407E-09,,
1636.96506,5.48117E-33,1.51605E-10,2.98607E-07,4.58528E-05,5.59139E-09,,
1637.065441,6.95202E-33,1.60666E-10,3.13996E-07,4.58104E-05,5.19655E-09,,
1637.165823,8.81362E-33,1.70245E-10,3.301E-07,4.5755E-05,4.82786E-09,,
1637.266204,1.11687E-32,1.80369E-10,3.46945E-07,4.56866E-05,4.48372E-09,,
1637.268,1.12161E-32,1.80556E-10,3.47254E-07,4.56853E-05,4.47778E-09,,
1637.366586,1.41467E-32,1.91068E-10,3.64564E-07,4.56052E-05,4.16262E-09,,
1637.466967,1.79108E-32,2.02373E-10,3.82985E-07,4.55109E-05,3.86312E-09,,
1637.567348,2.26663E-32,2.14317E-10,4.0224E-07,4.54038E-05,3.58389E-09,,
1637.66773,2.86714E-32,2.26932E-10,4.22363E-07,4.5284E-05,3.32365E-09,,
1637.768111,3.62513E-32,2.40256E-10,4.43386E-07,4.51515E-05,3.0812E-09,,
1637.868492,4.58146E-32,2.54326E-10,4.65343E-07,4.50065E-05,2.85541E-09,,
1637.968874,5.78747E-32,2.69182E-10,4.88272E-07,4.48492E-05,2.64522E-09,,
1638.069255,7.30767E-32,2.84864E-10,5.12207E-07,4.46796E-05,2.44962E-09,,
1638.169637,9.22305E-32,3.01417E-10,5.37187E-07,4.44978E-05,2.26767E-09,,
1638.270018,1.16352E-31,3.18887E-10,5.6325E-07,4.43042E-05,2.09849E-09,,
1638.370399,1.46717E-31,3.37321E-10,5.90437E-07,4.40987E-05,1.94122E-09,,
1638.470781,1.84924E-31,3.5677E-10,6.18787E-07,4.38816E-05,1.7951E-09,,
1638.571162,2.32975E-31,3.77286E-10,6.48344E-07,4.3653E-05,1.65939E-09,,
1638.671544,2.9338E-31,3.98925E-10,6.79149E-07,4.34132E-05,1.53338E-09,,
1638.771925,3.69281E-31,4.21745E-10,7.11248E-07,4.31624E-05,1.41643E-09,,
1638.872306,4.64611E-31,4.45807E-10,7.44685E-07,4.29007E-05,1.30794E-09,,
1638.972688,5.84288E-31,4.71174E-10,7.79508E-07,4.26284E-05,1.20732E-09,,
1639.073069,7.34462E-31,4.97914E-10,8.15764E-07,4.23456E-05,1.11404E-09,,
1639.17345,9.22821E-31,5.26097E-10,8.53501E-07,4.20527E-05,1.0276E-09,,
1639.197,9.7353E-31,5.32925E-10,8.62575E-07,4.19826E-05,1.00826E-09,,
1639.273832,1.15897E-30,5.55795E-10,8.92771E-07,4.17499E-05,9.47528E-10,,
1639.374213,1.45488E-30,5.87085E-10,9.33623E-07,4.14373E-05,8.73381E-10,,
1639.474595,1.82554E-30,6.20049E-10,9.76112E-07,4.11154E-05,8.04747E-10,,
1639.574976,2.28961E-30,6.54771E-10,1.02029E-06,4.07842E-05,7.41241E-10,,
1639.675357,2.87035E-30,6.91338E-10,1.06621E-06,4.04441E-05,6.82502E-10,,
1639.775739,3.59678E-30,7.29843E-10,1.11393E-06,4.00953E-05,6.28192E-10,,
1639.87612,4.50504E-30,7.70382E-10,1.16351E-06,3.97382E-05,5.77996E-10,,
1639.976502,5.64012E-30,8.13058E-10,1.215E-06,3.9373E-05,5.3162E-10,,
1640.076883,7.05802E-30,8.57975E-10,1.26847E-06,3.89999E-05,4.8879E-10,,
1640.177264,8.82842E-30,9.05244E-10,1.32398E-06,3.86193E-05,4.4925E-10,,
1640.277646,1.10379E-29,9.54981E-10,1.38158E-06,3.82315E-05,4.1276E-10,,
1640.378027,1.37943E-29,1.00731E-09,1.44135E-06,3.78367E-05,3.79097E-10,,
1640.478408,1.72312E-29,1.06235E-09,1.50333E-06,3.74353E-05,3.48055E-10,,
1640.57879,2.15147E-29,1.12024E-09,1.56761E-06,3.70275E-05,3.19441E-10,,
1640.679171,2.68511E-29,1.18111E-09,1.63425E-06,3.66137E-05,2.93073E-10,,
1640.779553,3.3496E-29,1.24512E-09,1.70331E-06,3.61941E-05,2.68786E-10,,
1640.879934,4.17667E-29,1.31241E-09,1.77487E-06,3.5769E-05,2.46423E-10,,
1640.980315,5.20561E-29,1.38313E-09,1.84898E-06,3.53389E-05,2.25839E-10,,
1641.080697,6.48513E-29,1.45746E-09,1.92574E-06,3.49039E-05,2.06901E-10,,
1641.125,7.14468E-29,1.49146E-09,1.96047E-06,3.47104E-05,1.99033E-10,,
1641.181078,8.07554E-29,1.53557E-09,2.00519E-06,3.44644E-05,1.89483E-10,,
1641.281459,1.00515E-28,1.61763E-09,2.08743E-06,3.40206E-05,1.73469E-10,,
1641.381841,1.25052E-28,1.70383E-09,2.17251E-06,3.3573E-05,1.58751E-10,,
1641.482222,1.55511E-28,1.79437E-09,2.26053E-06,3.31218E-05,1.4523E-10,,
1641.682985,2.40166E-28,1.98929E-09,2.44564E-06,3.22097E-05,1.21414E-10,,
1641.783366,2.9826E-28,2.0941E-09,2.54289E-06,3.17495E-05,1.10953E-10,,
1641.883748,3.70241E-28,2.20412E-09,2.64338E-06,3.12868E-05,1.01358E-10,,
1641.984129,4.59387E-28,2.31959E-09,2.74718E-06,3.08221E-05,9.25586E-11,,
1642.084511,5.69742E-28,2.44075E-09,2.85437E-06,3.03556E-05,8.44931E-11,,
1642.184892,7.06289E-28,2.56789E-09,2.96503E-06,2.98876E-05,7.71028E-11,,
1642.285273,8.7517E-28,2.70126E-09,3.07925E-06,2.94184E-05,7.03337E-11,,
1642.385655,1.08395E-27,2.84115E-09,3.19709E-06,2.89482E-05,6.41358E-11,,
1642.486036,1.34192E-27,2.98786E-09,3.31866E-06,2.84774E-05,5.84632E-11,,
1642.586417,1.66056E-27,3.14169E-09,3.44402E-06,2.80063E-05,5.32731E-11,,
1642.686799,2.05392E-27,3.30298E-09,3.57326E-06,2.7535E-05,4.85264E-11,,
1642.78718,2.53934E-27,3.47205E-09,3.70647E-06,2.70639E-05,4.41867E-11,,
1642.887562,3.13806E-27,3.64925E-09,3.84372E-06,2.65932E-05,4.02207E-11,,
1642.987943,3.87622E-27,3.83495E-09,3.98509E-06,2.61233E-05,3.65976E-11,,
1643.054,4.45324E-27,3.96197E-09,4.08042E-06,2.58145E-05,3.43866E-11,,
1643.088324,4.78586E-27,4.02952E-09,4.13068E-06,2.56543E-05,3.32889E-11,,
1643.188706,5.90631E-27,4.23337E-09,4.28056E-06,2.51865E-05,3.02684E-11,,
1643.289087,7.28582E-27,4.44689E-09,4.43481E-06,2.47201E-05,2.75122E-11,,
1643.389468,8.98351E-27,4.67051E-09,4.59353E-06,2.42554E-05,2.49979E-11,,
1643.48985,1.10718E-26,4.90468E-09,4.75678E-06,2.37927E-05,2.27053E-11,,
1643.590231,1.36394E-26,5.14985E-09,4.92466E-06,2.33321E-05,2.06156E-11,,
1643.690613,1.6795E-26,5.40651E-09,5.09724E-06,2.28738E-05,1.87114E-11,,
1643.790994,2.06713E-26,5.67515E-09,5.27461E-06,2.24181E-05,1.69771E-11,,
1643.891375,2.54309E-26,5.95629E-09,5.45684E-06,2.19652E-05,1.53979E-11,,
1643.991757,3.12723E-26,6.25046E-09,5.64401E-06,2.15153E-05,1.39607E-11,,
1644.092138,3.84383E-26,6.55823E-09,5.83621E-06,2.10686E-05,1.26531E-11,,
1644.19252,4.72251E-26,6.88017E-09,6.03351E-06,2.06252E-05,1.14638E-11,,
1644.292901,5.79946E-26,7.21688E-09,6.23598E-06,2.01854E-05,1.03826E-11,,
1644.393282,7.11881E-26,7.56899E-09,6.4437E-06,1.97493E-05,9.39997E-12,,
1644.493664,8.73438E-26,7.93715E-09,6.65675E-06,1.93171E-05,8.5073E-12,,
1644.594045,1.07118E-25,8.32203E-09,6.8752E-06,1.88889E-05,7.69664E-12,,
1644.694426,1.3131E-25,8.72433E-09,7.09911E-06,1.84649E-05,6.96073E-12,,
1644.794808,1.60893E-25,9.14477E-09,7.32856E-06,1.80453E-05,6.29292E-12,,
1644.895189,1.97053E-25,9.5841E-09,7.56361E-06,1.76301E-05,5.68715E-12,,
1644.982,2.34731E-25,9.97987E-09,7.77146E-06,1.72748E-05,5.20899E-12,,
1644.995571,2.41232E-25,1.00431E-08,7.80434E-06,1.72196E-05,5.13784E-12,,
1645.095952,2.95183E-25,1.05226E-08,8.05079E-06,1.68138E-05,4.63993E-12,,
1645.196333,3.61038E-25,1.10234E-08,8.30305E-06,1.64129E-05,4.18876E-12,,
1645.296715,4.41387E-25,1.15464E-08,8.56115E-06,1.60169E-05,3.78011E-12,,
1645.397096,5.39376E-25,1.20925E-08,8.82516E-06,1.5626E-05,3.4101E-12,,
1645.497477,6.58823E-25,1.26626E-08,9.09514E-06,1.52403E-05,3.07521E-12,,
1645.597859,8.04361E-25,1.32577E-08,9.37113E-06,1.48599E-05,2.77221E-12,,
1645.69824,9.81609E-25,1.38787E-08,9.65318E-06,1.44848E-05,2.49817E-12,,
1645.798622,1.19738E-24,1.45268E-08,9.94134E-06,1.41151E-05,2.25041E-12,,
1645.899003,1.45992E-24,1.5203E-08,1.02357E-05,1.37509E-05,2.02649E-12,,
1645.999384,1.77923E-24,1.59084E-08,1.05362E-05,1.33923E-05,1.8242E-12,,
1646.099766,2.16741E-24,1.66442E-08,1.08429E-05,1.30392E-05,1.64152E-12,,
1646.200147,2.6391E-24,1.74115E-08,1.11559E-05,1.26919E-05,1.4766E-12,,
1646.300529,3.21199E-24,1.82115E-08,1.14751E-05,1.23503E-05,1.32777E-12,,
1646.40091,3.90749E-24,1.90456E-08,1.18007E-05,1.20144E-05,1.19351E-12,,
1646.501291,4.75147E-24,1.99151E-08,1.21326E-05,1.16843E-05,1.07245E-12,,
1646.601673,5.77514E-24,2.08213E-08,1.24709E-05,1.136E-05,9.63317E-13,,
1646.702054,7.01621E-24,2.17656E-08,1.28155E-05,1.10416E-05,8.64981E-13,,
1646.802435,8.52016E-24,2.27495E-08,1.31665E-05,1.0729E-05,7.76405E-13,,
1646.902817,1.03418E-23,2.37745E-08,1.35238E-05,1.04222E-05,6.96649E-13,,
1646.911,1.05063E-23,2.38599E-08,1.35533E-05,1.03975E-05,6.90509E-13,,
1647.003198,1.25474E-23,2.48422E-08,1.38876E-05,1.01214E-05,6.24862E-13,,
1647.10358,1.52165E-23,2.5954E-08,1.42577E-05,9.82638E-06,5.60271E-13,,
1647.203961,1.84451E-23,2.71118E-08,1.46341E-05,9.53725E-06,5.02176E-13,,
1647.304342,2.23487E-23,2.83172E-08,1.50169E-05,9.25398E-06,4.49944E-13,,
1647.404724,2.70662E-23,2.95719E-08,1.54061E-05,8.97654E-06,4.03E-13,,
1647.505105,3.2765E-23,3.08778E-08,1.58015E-05,8.70493E-06,3.60825E-13,,
1647.605486,3.96458E-23,3.22368E-08,1.62032E-05,8.43912E-06,3.22947E-13,,
1647.705868,4.795E-23,3.36508E-08,1.66111E-05,8.17909E-06,2.88942E-13,,
1647.806249,5.79677E-23,3.51218E-08,1.70252E-05,7.92479E-06,2.58425E-13,,
1647.906631,7.00469E-23,3.66519E-08,1.74455E-05,7.6762E-06,2.31048E-13,,
1648.007012,8.46052E-23,3.82432E-08,1.78718E-05,7.43328E-06,2.06497E-13,,
1648.107393,1.02143E-22,3.98979E-08,1.83042E-05,7.19598E-06,1.84489E-13,,
1648.207775,1.23262E-22,4.16183E-08,1.87426E-05,6.96426E-06,1.64767E-13,,
1648.308156,1.4868E-22,4.34066E-08,1.91868E-05,6.73807E-06,1.47101E-13,,
1648.408538,1.79259E-22,4.52653E-08,1.96369E-05,6.51737E-06,1.31281E-13,,
1648.508919,2.1603E-22,4.71969E-08,2.00927E-05,6.30208E-06,1.17121E-13,,
1648.6093,2.60228E-22,4.92039E-08,2.05542E-05,6.09216E-06,1.04451E-13,,
1648.709682,3.13327E-22,5.12889E-08,2.10213E-05,5.88755E-06,9.3118E-14,,
1648.810063,3.77093E-22,5.34546E-08,2.14938E-05,5.68817E-06,8.29849E-14,,
1648.839,3.97743E-22,5.40943E-08,2.1631E-05,5.63166E-06,8.02688E-14,,
1648.910444,4.53631E-22,5.57039E-08,2.19717E-05,5.49398E-06,7.3928E-14,,
1649.010826,5.4546E-22,5.80395E-08,2.24548E-05,5.30489E-06,6.58358E-14,,
1649.111207,6.55584E-22,6.04644E-08,2.29431E-05,5.12084E-06,5.86085E-14,,
1649.211589,7.87588E-22,6.29816E-08,2.34363E-05,4.94177E-06,5.21558E-14,,
1649.31197,9.45746E-22,6.55942E-08,2.39344E-05,4.76759E-06,4.63969E-14,,
1649.412351,1.13516E-21,6.83055E-08,2.44373E-05,4.59823E-06,4.1259E-14,,
1649.512733,1.36189E-21,7.11187E-08,2.49447E-05,4.43361E-06,3.6677E-14,,
1649.613114,1.63318E-21,7.40372E-08,2.54566E-05,4.27367E-06,3.25921E-14,,
1649.713495,1.95763E-21,7.70645E-08,2.59728E-05,4.11831E-06,2.89518E-14,,
1649.813877,2.34548E-21,8.02041E-08,2.64931E-05,3.96746E-06,2.57089E-14,,
1649.914258,2.80892E-21,8.34597E-08,2.70173E-05,3.82105E-06,2.2821E-14,,
1650.01464,3.36242E-21,8.68351E-08,2.75453E-05,3.67898E-06,2.02502E-14,,
1650.115021,4.02318E-21,9.03341E-08,2.80769E-05,3.54118E-06,1.79626E-14,,
1650.215402,4.81163E-21,9.39607E-08,2.86119E-05,3.40757E-06,1.59277E-14,,
1650.315784,5.75202E-21,9.77189E-08,2.91502E-05,3.27806E-06,1.41183E-14,,
1650.416165,6.87312E-21,1.01613E-07,2.96914E-05,3.15256E-06,1.25099E-14,,
1650.516547,8.20904E-21,1.05647E-07,3.02355E-05,3.031E-06,1.10808E-14,,
1650.616928,9.80023E-21,1.09826E-07,3.07821E-05,2.9133E-06,9.81141E-15,,
1650.717309,1.16946E-20,1.14153E-07,3.13311E-05,2.79936E-06,8.68433E-15,,
1650.768,1.2784E-20,1.16397E-07,3.16092E-05,2.74323E-06,8.16424E-15,,
1650.817691,1.39489E-20,1.18635E-07,3.18823E-05,2.68911E-06,7.68397E-15,,
1650.918072,1.66303E-20,1.23274E-07,3.24354E-05,2.58246E-06,6.7964E-15,,
1651.018453,1.98182E-20,1.28077E-07,3.29902E-05,2.47933E-06,6.00919E-15,,
1651.118835,2.36066E-20,1.33048E-07,3.35464E-05,2.37963E-06,5.31126E-15,,
1651.219216,2.81066E-20,1.38192E-07,3.41039E-05,2.28329E-06,4.69271E-15,,
1651.319598,3.34495E-20,1.43514E-07,3.46623E-05,2.19023E-06,4.14471E-15,,
1651.419979,3.97901E-20,1.4902E-07,3.52214E-05,2.10035E-06,3.65938E-15,,
1651.52036,4.73114E-20,1.54716E-07,3.5781E-05,2.01359E-06,3.22973E-15,,
1651.620742,5.62292E-20,1.60606E-07,3.63408E-05,1.92985E-06,2.8495E-15,,
1651.721123,6.67979E-20,1.66696E-07,3.69004E-05,1.84907E-06,2.51314E-15,,
1651.821505,7.93176E-20,1.72993E-07,3.74597E-05,1.77116E-06,2.21568E-15,,
1651.921886,9.41415E-20,1.79502E-07,3.80184E-05,1.69605E-06,1.95273E-15,,
1652.022267,1.11686E-19,1.8623E-07,3.85762E-05,1.62366E-06,1.72037E-15,,
1652.122649,1.3244E-19,1.93182E-07,3.91328E-05,1.55392E-06,1.51511E-15,,
1652.22303,1.56981E-19,2.00365E-07,3.96879E-05,1.48674E-06,1.33387E-15,,
1652.323411,1.85986E-19,2.07785E-07,4.02413E-05,1.42206E-06,1.17388E-15,,
1652.624556,3.08468E-19,2.31537E-07,4.18878E-05,1.24228E-06,7.98409E-16,,
1652.696,3.47602E-19,2.37515E-07,4.22749E-05,1.20262E-06,7.28292E-16,,
1652.724937,3.64807E-19,2.39975E-07,4.24312E-05,1.18687E-06,7.0164E-16,,
1652.825318,4.31243E-19,2.48685E-07,4.29713E-05,1.13361E-06,6.16378E-16,,
1652.9257,5.09549E-19,2.57674E-07,4.35078E-05,1.08243E-06,5.41283E-16,,
1653.026081,6.01804E-19,2.6695E-07,4.40406E-05,1.03327E-06,4.75166E-16,,
1653.126462,7.10444E-19,2.76521E-07,4.45691E-05,9.86052E-07,4.16976E-16,,
1653.226844,8.38319E-19,2.86393E-07,4.50932E-05,9.40725E-07,3.6578E-16,,
1653.327225,9.88768E-19,2.96576E-07,4.56126E-05,8.97224E-07,3.20756E-16,,
1653.427607,1.16569E-18,3.07077E-07,4.61268E-05,8.5549E-07,2.81172E-16,,
1653.527988,1.37366E-18,3.17905E-07,4.66357E-05,8.15463E-07,2.46385E-16,,
1653.628369,1.61801E-18,3.29067E-07,4.71389E-05,7.77086E-07,2.15824E-16,,
1653.728751,1.90496E-18,3.40573E-07,4.76362E-05,7.40303E-07,1.88987E-16,,
1653.829132,2.2418E-18,3.52431E-07,4.81271E-05,7.05059E-07,1.65427E-16,,
1653.929514,2.63702E-18,3.64649E-07,4.86115E-05,6.71301E-07,1.44752E-16,,
1654.029895,3.10053E-18,3.77238E-07,4.9089E-05,6.38976E-07,1.26616E-16,,
1654.130276,3.64386E-18,3.90205E-07,4.95593E-05,6.08033E-07,1.10712E-16,,
1654.230658,4.2805E-18,4.0356E-07,5.00221E-05,5.78423E-07,9.67714E-17,,
1654.331039,5.0261E-18,4.17313E-07,5.04772E-05,5.50097E-07,8.45556E-17,,
1654.43142,5.89894E-18,4.31473E-07,5.09242E-05,5.23009E-07,7.38554E-17,,
1654.531802,6.92025E-18,4.4605E-07,5.13628E-05,4.97111E-07,6.44862E-17,,
1654.625,8.02292E-18,4.59966E-07,5.17624E-05,4.74095E-07,5.68365E-17,,
1654.632183,8.11474E-18,4.61054E-07,5.17929E-05,4.72361E-07,5.62853E-17,,
1654.732565,9.51114E-18,4.76494E-07,5.2214E-05,4.48715E-07,4.91097E-17,,
1654.832946,1.11428E-17,4.92381E-07,5.26259E-05,4.2613E-07,4.28335E-17,,
1654.933327,1.30486E-17,5.08725E-07,5.30284E-05,4.04566E-07,3.7346E-17,,
1655.033709,1.52735E-17,5.25537E-07,5.34212E-05,3.83983E-07,3.25499E-17,,
1655.13409,1.78697E-17,5.42827E-07,5.3804E-05,3.64343E-07,2.83595E-17,,
1655.234471,2.08978E-17,5.60605E-07,5.41765E-05,3.45608E-07,2.46997E-17,,
1655.334853,2.44282E-17,5.78883E-07,5.45386E-05,3.27743E-07,2.15045E-17,,
1655.435234,2.85421E-17,5.97672E-07,5.48899E-05,3.10712E-07,1.87159E-17,,
1655.535616,3.33339E-17,6.16983E-07,5.52303E-05,2.94482E-07,1.62831E-17,,
1655.635997,3.89127E-17,6.36827E-07,5.55595E-05,2.79019E-07,1.41614E-17,,
1655.736378,4.54048E-17,6.57215E-07,5.58772E-05,2.64293E-07,1.23118E-17,,
1655.83676,5.29562E-17,6.7816E-07,5.61834E-05,2.50273E-07,1.06999E-17,,
1655.937141,6.17359E-17,6.99671E-07,5.64776E-05,2.36928E-07,9.29572E-18,,
1656.037523,7.19389E-17,7.21763E-07,5.67598E-05,2.2423E-07,8.07291E-18,,
1656.137904,8.37906E-17,7.44445E-07,5.70298E-05,2.12152E-07,7.00843E-18,,
1656.238285,9.7551E-17,7.67731E-07,5.72873E-05,2.00668E-07,6.08214E-18,,
1656.338667,1.1352E-16,7.91632E-07,5.75322E-05,1.8975E-07,5.27638E-18,,
1656.439048,1.32045E-16,8.16161E-07,5.77643E-05,1.79375E-07,4.57572E-18,,
1656.539429,1.53523E-16,8.4133E-07,5.79835E-05,1.69519E-07,3.96668E-18,,
1656.553,1.56677E-16,8.44782E-07,5.80121E-05,1.68225E-07,3.89071E-18,,
1656.639811,1.78415E-16,8.67151E-07,5.81895E-05,1.60158E-07,3.43747E-18,,
1656.740192,2.07249E-16,8.93637E-07,5.83823E-05,1.51271E-07,2.9778E-18,,
1656.840574,2.40636E-16,9.20801E-07,5.85617E-05,1.42837E-07,2.57867E-18,,
1656.940955,2.79276E-16,9.48655E-07,5.87276E-05,1.34834E-07,2.23224E-18,,
1657.041336,3.23976E-16,9.77212E-07,5.88799E-05,1.27242E-07,1.93165E-18,,
1657.141718,3.75661E-16,1.00649E-06,5.90184E-05,1.20044E-07,1.67094E-18,,
1657.242099,4.35396E-16,1.03649E-06,5.9143E-05,1.13221E-07,1.4449E-18,,
1657.34248,5.04404E-16,1.06723E-06,5.92538E-05,1.06754E-07,1.24899E-18,,
1657.442862,5.84088E-16,1.09873E-06,5.93505E-05,1.00629E-07,1.07926E-18,,
1657.543243,6.76056E-16,1.131E-06,5.94332E-05,9.48273E-08,9.32257E-19,,
1657.643625,7.82154E-16,1.16405E-06,5.95017E-05,8.93348E-08,8.04989E-19,,
1657.744006,9.04497E-16,1.19789E-06,5.9556E-05,8.41363E-08,6.94845E-19,,
1657.844387,1.04551E-15,1.23254E-06,5.95961E-05,7.92175E-08,5.99556E-19,,
1657.944769,1.20796E-15,1.26802E-06,5.9622E-05,7.4565E-08,5.1715E-19,,
1658.04515,1.39503E-15,1.30433E-06,5.96335E-05,7.01656E-08,4.4591E-19,,
1658.145532,1.61035E-15,1.34148E-06,5.96308E-05,6.60069E-08,3.84346E-19,,
1658.245913,1.85806E-15,1.3795E-06,5.96138E-05,6.20768E-08,3.31162E-19,,
1658.346294,2.14292E-15,1.4184E-06,5.95826E-05,5.8364E-08,2.85236E-19,,
1658.446676,2.47035E-15,1.45818E-06,5.95371E-05,5.48576E-08,2.45591E-19,,
1658.481,2.59316E-15,1.47199E-06,5.95183E-05,5.37041E-08,2.3332E-19,,
1658.547057,2.84653E-15,1.49886E-06,5.94774E-05,5.15471E-08,2.1138E-19,,
1658.647438,3.27852E-15,1.54046E-06,5.94035E-05,4.84224E-08,1.81869E-19,,
1658.74782,3.77437E-15,1.58299E-06,5.93155E-05,4.54741E-08,1.56422E-19,,
1658.848201,4.34327E-15,1.62646E-06,5.92134E-05,4.26931E-08,1.34488E-19,,
1658.948583,4.99568E-15,1.67088E-06,5.90974E-05,4.00707E-08,1.15588E-19,,
1659.048964,5.74351E-15,1.71628E-06,5.89675E-05,3.75986E-08,9.93079E-20,,
1659.149345,6.60033E-15,1.76265E-06,5.88237E-05,3.52689E-08,8.52905E-20,,
1659.249727,7.58157E-15,1.81002E-06,5.86663E-05,3.30741E-08,7.32254E-20,,
1659.350108,8.70478E-15,1.8584E-06,5.84953E-05,3.1007E-08,6.28444E-20,,
1659.450489,9.98991E-15,1.9078E-06,5.83108E-05,2.90607E-08,5.39158E-20,,
1659.550871,1.14596E-14,1.95823E-06,5.81129E-05,2.72289E-08,4.62391E-20,,
1659.651252,1.31397E-14,2.00971E-06,5.79019E-05,2.55051E-08,3.96412E-20,,
1659.751634,1.50593E-14,2.06225E-06,5.76778E-05,2.38837E-08,3.39726E-20,,
1659.852015,1.72516E-14,2.11586E-06,5.74408E-05,2.23589E-08,2.91042E-20,,
1659.952396,1.97542E-14,2.17055E-06,5.71911E-05,2.09255E-08,2.49244E-20,,
1660.052778,2.26097E-14,2.22634E-06,5.69289E-05,1.95783E-08,2.13373E-20,,
1660.153159,2.58663E-14,2.28324E-06,5.66543E-05,1.83126E-08,1.82599E-20,,
1660.253541,2.95788E-14,2.34126E-06,5.63675E-05,1.71239E-08,1.56207E-20,,
1660.353922,3.38089E-14,2.4004E-06,5.60687E-05,1.60077E-08,1.33582E-20,,
1660.41,3.64231E-14,2.43395E-06,5.58966E-05,1.54142E-08,1.22382E-20,,
1660.454303,3.86267E-14,2.4607E-06,5.57581E-05,1.496E-08,1.14193E-20,,
1660.554685,4.41112E-14,2.52214E-06,5.5436E-05,1.39769E-08,9.75831E-21,,
1660.655066,5.03518E-14,2.58476E-06,5.51026E-05,1.30546E-08,8.33593E-21,,
1660.755447,5.74496E-14,2.64855E-06,5.4758E-05,1.21897E-08,7.11832E-21,,
1660.855829,6.55185E-14,2.71352E-06,5.44026E-05,1.13788E-08,6.07639E-21,,
1660.95621,7.46872E-14,2.77969E-06,5.40365E-05,1.06189E-08,5.18511E-21,,
1661.056592,8.51009E-14,2.84708E-06,5.366E-05,9.9068E-09,4.42297E-21,,
1661.156973,9.6923E-14,2.91567E-06,5.32734E-05,9.23985E-09,3.7715E-21,,
1661.257354,1.10338E-13,2.9855E-06,5.2877E-05,8.61533E-09,3.21484E-21,,
1661.357736,1.25553E-13,3.05656E-06,5.24709E-05,8.03072E-09,2.73935E-21,,
1661.458117,1.42803E-13,3.12886E-06,5.20554E-05,7.48363E-09,2.33336E-21,,
1661.558498,1.62349E-13,3.20242E-06,5.16309E-05,6.97182E-09,1.98682E-21,,
1661.65888,1.84488E-13,3.27725E-06,5.11975E-05,6.49314E-09,1.69114E-21,,
1661.759261,2.09552E-13,3.35334E-06,5.07557E-05,6.0456E-09,1.43895E-21,,
1661.859643,2.37915E-13,3.4307E-06,5.03056E-05,5.6273E-09,1.22393E-21,,
1661.960024,2.69996E-13,3.50936E-06,4.98476E-05,5.23643E-09,1.04066E-21,,
1662.060405,3.06264E-13,3.5893E-06,4.93819E-05,4.87132E-09,8.84519E-22,,
1662.160787,3.47249E-13,3.67054E-06,4.89088E-05,4.53037E-09,7.51536E-22,,
1662.261168,3.93542E-13,3.75308E-06,4.84287E-05,4.21208E-09,6.38317E-22,,
1662.338,4.32972E-13,3.81714E-06,4.80566E-05,3.98288E-09,5.63189E-22,,
1662.36155,4.45807E-13,3.83693E-06,4.79418E-05,3.91502E-09,5.4196E-22,,
1662.461931,5.04786E-13,3.9221E-06,4.74484E-05,3.63788E-09,4.59983E-22,,
1662.562312,5.71312E-13,4.00858E-06,4.69488E-05,3.37938E-09,3.90266E-22,,
1662.662694,6.46316E-13,4.09639E-06,4.64434E-05,3.13835E-09,3.30997E-22,,
1662.763075,7.30838E-13,4.18552E-06,4.59325E-05,2.91368E-09,2.80629E-22,,
1662.863456,8.26043E-13,4.27599E-06,4.54162E-05,2.70432E-09,2.37839E-22,,
1662.963838,9.33232E-13,4.36778E-06,4.48951E-05,2.50928E-09,2.01502E-22,,
1663.064219,1.05386E-12,4.46091E-06,4.43692E-05,2.32764E-09,1.70655E-22,,
1663.164601,1.18954E-12,4.55537E-06,4.38391E-05,2.15853E-09,1.44479E-22,,
1663.264982,1.34209E-12,4.65117E-06,4.33049E-05,2.00113E-09,1.22273E-22,,
1663.365363,1.51352E-12,4.74831E-06,4.27669E-05,1.85468E-09,1.03444E-22,,
1663.465745,1.70609E-12,4.84679E-06,4.22255E-05,1.71846E-09,8.74826E-23,,
1663.566126,1.9223E-12,4.9466E-06,4.1681E-05,1.59178E-09,7.39575E-23,,
1663.666508,2.16493E-12,5.04774E-06,4.11337E-05,1.47402E-09,6.25011E-23,,
1663.766889,2.43709E-12,5.15022E-06,4.05838E-05,1.36458E-09,5.28004E-23,,
1663.86727,2.74224E-12,5.25403E-06,4.00317E-05,1.2629E-09,4.45893E-23,,
1663.967652,3.08422E-12,5.35917E-06,3.94777E-05,1.16847E-09,3.76416E-23,,
1664.267,4.3671E-12,5.68055E-06,3.78167E-05,9.25172E-10,2.26659E-23,,
1664.268796,4.37617E-12,5.68251E-06,3.78067E-05,9.2387E-10,2.25968E-23,,
1664.369177,4.91308E-12,5.79291E-06,3.72478E-05,8.53807E-10,1.90485E-23,,
1664.469559,5.51339E-12,5.90462E-06,3.66883E-05,7.88832E-10,1.60517E-23,,
1664.56994,6.18428E-12,6.01763E-06,3.61285E-05,7.28592E-10,1.35214E-23,,
1664.670321,6.9337E-12,6.13192E-06,3.55688E-05,6.7276E-10,1.1386E-23,,
1664.770703,7.77045E-12,6.24749E-06,3.50094E-05,6.21028E-10,9.58432E-24,,
1664.871084,8.70427E-12,6.36433E-06,3.44505E-05,5.7311E-10,8.06485E-24,,
1664.971465,9.74593E-12,6.48243E-06,3.38924E-05,5.28738E-10,6.78385E-24,,
1665.071847,1.09074E-11,6.60177E-06,3.33354E-05,4.87661E-10,5.70427E-24,,
1665.172228,1.22017E-11,6.72236E-06,3.27797E-05,4.49647E-10,4.79477E-24,,
1665.27261,1.36436E-11,6.84418E-06,3.22255E-05,4.14477E-10,4.02884E-24,,
1665.372991,1.5249E-11,6.9672E-06,3.16731E-05,3.81949E-10,3.38405E-24,,
1665.473372,1.70357E-11,7.09143E-06,3.11227E-05,3.51873E-10,2.84143E-24,,
1665.573754,1.90231E-11,7.21684E-06,3.05746E-05,3.24072E-10,2.38496E-24,,
1665.674135,2.12329E-11,7.34342E-06,3.00289E-05,2.98382E-10,2.00111E-24,,
1665.774517,2.36888E-11,7.47116E-06,2.94859E-05,2.7465E-10,1.67843E-24,,
1665.874898,2.64169E-11,7.60003E-06,2.89458E-05,2.52733E-10,1.40728E-24,,
1665.975279,2.94459E-11,7.73002E-06,2.84087E-05,2.32498E-10,1.17951E-24,,
1666.075661,3.28075E-11,7.86112E-06,2.7875E-05,2.13822E-10,9.88254E-25,,
1666.176042,3.65366E-11,7.99329E-06,2.73447E-05,1.9659E-10,8.2771E-25,,
1666.195,3.72851E-11,8.01838E-06,2.7245E-05,1.93489E-10,8.00425E-25,,
1666.276423,4.06712E-11,8.12653E-06,2.68181E-05,1.80695E-10,6.92999E-25,,
1666.376805,4.52534E-11,8.26081E-06,2.62953E-05,1.66037E-10,5.80004E-25,,
1666.477186,5.03294E-11,8.39612E-06,2.57766E-05,1.52525E-10,4.85259E-25,,
1666.577568,5.59495E-11,8.53242E-06,2.5262E-05,1.40072E-10,4.05845E-25,,
1666.677949,6.21694E-11,8.66969E-06,2.47518E-05,1.286E-10,3.39305E-25,,
1666.77833,6.90498E-11,8.80792E-06,2.42461E-05,1.18033E-10,2.83574E-25,,
1666.878712,7.66572E-11,8.94708E-06,2.3745E-05,1.08303E-10,2.36911E-25,,
1666.979093,8.50646E-11,9.08714E-06,2.32487E-05,9.93466E-11,1.97856E-25,,
1667.079474,9.43517E-11,9.22807E-06,2.27574E-05,9.11049E-11,1.65179E-25,,
1667.179856,1.04606E-10,9.36985E-06,2.2271E-05,8.35231E-11,1.3785E-25,,
1667.280237,1.15923E-10,9.51246E-06,2.17899E-05,7.65502E-11,1.15002E-25,,
1667.380619,1.28406E-10,9.65585E-06,2.1314E-05,7.01394E-11,9.59055E-26,,
1667.481,1.4217E-10,9.80001E-06,2.08436E-05,6.4247E-11,7.99518E-26,,
1667.581381,1.57338E-10,9.9449E-06,2.03786E-05,5.88328E-11,6.6628E-26,,
1667.681763,1.74047E-10,1.00905E-05,1.99193E-05,5.38595E-11,5.55046E-26,,
1667.782144,1.92444E-10,1.02368E-05,1.94656E-05,4.92924E-11,4.62217E-26,,
1667.882526,2.1269E-10,1.03837E-05,1.90177E-05,4.50996E-11,3.84775E-26,,
1667.982907,2.34961E-10,1.05312E-05,1.85757E-05,4.12517E-11,3.20193E-26,,
1668.083288,2.59447E-10,1.06793E-05,1.81396E-05,3.77213E-11,2.66356E-26,,
1668.124,2.70057E-10,1.07395E-05,1.79644E-05,3.63741E-11,2.47168E-26,,
1668.18367,2.86357E-10,1.08279E-05,1.77095E-05,3.44831E-11,2.21491E-26,,
1668.284051,3.15916E-10,1.0977E-05,1.72854E-05,3.15139E-11,1.84117E-26,,
1668.384432,3.4837E-10,1.11266E-05,1.68675E-05,2.87921E-11,1.52994E-26,,
1668.484814,3.83986E-10,1.12766E-05,1.64557E-05,2.62978E-11,1.27087E-26,,
1668.585195,4.23053E-10,1.1427E-05,1.60501E-05,2.40128E-11,1.05529E-26,,
1668.685577,4.65886E-10,1.15778E-05,1.56508E-05,2.192E-11,8.75965E-27,,
1668.785958,5.12825E-10,1.17288E-05,1.52578E-05,2.00038E-11,7.26851E-27,,
1668.886339,5.64241E-10,1.18802E-05,1.48711E-05,1.825E-11,6.02904E-27,,
1668.986721,6.20533E-10,1.20318E-05,1.44907E-05,1.66451E-11,4.99914E-27,,
1669.087102,6.82136E-10,1.21836E-05,1.41166E-05,1.5177E-11,4.14369E-27,,
1669.187483,7.49518E-10,1.23355E-05,1.37489E-05,1.38344E-11,3.43338E-27,,
1669.287865,8.23186E-10,1.24875E-05,1.33876E-05,1.2607E-11,2.84382E-27,,
1669.388246,9.0369E-10,1.26397E-05,1.30327E-05,1.14852E-11,2.35465E-27,,
1669.488628,9.91622E-10,1.27918E-05,1.26841E-05,1.04602E-11,1.94892E-27,,
1669.589009,1.08762E-09,1.29439E-05,1.23419E-05,9.524E-12,1.61252E-27,,
1669.68939,1.19238E-09,1.3096E-05,1.2006E-05,8.66907E-12,1.33371E-27,,
1669.789772,1.30664E-09,1.3248E-05,1.16765E-05,7.88863E-12,1.10272E-27,,
1669.890153,1.43121E-09,1.33998E-05,1.13533E-05,7.17638E-12,9.11399E-28,,
1669.990535,1.56696E-09,1.35514E-05,1.10365E-05,6.52658E-12,7.53004E-28,,
1670.052,1.65599E-09,1.36442E-05,1.08455E-05,6.15722E-12,6.69811E-28,,
1670.090916,1.71481E-09,1.37028E-05,1.07259E-05,5.93391E-12,6.21915E-28,,
1670.191297,1.87577E-09,1.38539E-05,1.04215E-05,5.39352E-12,5.13462E-28,,
1670.291679,2.05091E-09,1.40047E-05,1.01233E-05,4.90093E-12,4.2377E-28,,
1670.39206,2.24141E-09,1.41551E-05,9.83137E-06,4.45206E-12,3.49619E-28,,
1670.492441,2.4485E-09,1.43051E-05,9.54553E-06,4.04314E-12,2.8834E-28,,
1670.592823,2.67352E-09,1.44546E-05,9.26579E-06,3.67072E-12,2.37717E-28,,
1670.693204,2.91792E-09,1.46035E-05,8.99208E-06,3.33166E-12,1.95911E-28,,
1670.793586,3.18323E-09,1.47519E-05,8.72437E-06,3.02305E-12,1.61399E-28,,
1670.893967,3.4711E-09,1.48997E-05,8.46261E-06,2.74224E-12,1.32919E-28,,
1670.994348,3.78332E-09,1.50468E-05,8.20673E-06,2.4868E-12,1.09425E-28,,
1671.09473,4.12176E-09,1.51932E-05,7.95668E-06,2.2545E-12,9.0052E-29,,
1671.195111,4.48847E-09,1.53389E-05,7.7124E-06,2.04333E-12,7.4082E-29,,
1671.295492,4.88561E-09,1.54837E-05,7.47384E-06,1.8514E-12,6.09223E-29,,
1671.395874,5.31551E-09,1.56276E-05,7.24091E-06,1.67702E-12,5.00822E-29,,
1671.496255,5.78064E-09,1.57707E-05,7.01357E-06,1.51863E-12,4.11562E-29,,
1671.596637,6.28366E-09,1.59128E-05,6.79174E-06,1.3748E-12,3.38089E-29,,
1671.697018,6.82738E-09,1.60539E-05,6.57535E-06,1.24424E-12,2.77633E-29,,
1671.797399,7.41483E-09,1.61939E-05,6.36433E-06,1.12575E-12,2.27906E-29,,
1671.897781,8.04921E-09,1.63328E-05,6.1586E-06,1.01826E-12,1.87019E-29,,
1671.981,8.61316E-09,1.64471E-05,5.99202E-06,9.36767E-13,1.587E-29,,
1671.998162,8.73395E-09,1.64705E-05,5.9581E-06,9.20767E-13,1.53411E-29,,
1672.098544,9.47269E-09,1.66071E-05,5.76275E-06,8.3237E-13,1.25798E-29,,
1672.198925,1.02693E-08,1.67423E-05,5.57247E-06,7.52244E-13,1.03118E-29,,
1672.299306,1.11279E-08,1.68763E-05,5.38718E-06,6.79636E-13,8.4497E-30,,
1672.399688,1.20529E-08,1.70089E-05,5.2068E-06,6.1386E-13,6.92135E-30,,
1672.500069,1.3049E-08,1.71402E-05,5.03126E-06,5.54291E-13,5.66741E-30,,
1672.60045,1.4121E-08,1.72699E-05,4.86047E-06,5.0036E-13,4.63898E-30,,
1672.700832,1.52742E-08,1.73982E-05,4.69435E-06,4.51546E-13,3.79581E-30,,
1672.801213,1.65142E-08,1.75249E-05,4.53283E-06,4.07378E-13,3.10478E-30,,
1672.901595,1.78469E-08,1.765E-05,4.37581E-06,3.67425E-13,2.53864E-30,,
1673.001976,1.92784E-08,1.77735E-05,4.22323E-06,3.31295E-13,2.07499E-30,,
1673.102357,2.08155E-08,1.78953E-05,4.07498E-06,2.98632E-13,1.69541E-30,,
1673.202739,2.2465E-08,1.80153E-05,3.931E-06,2.69113E-13,1.38477E-30,,
1673.30312,2.42344E-08,1.81336E-05,3.7912E-06,2.42442E-13,1.13064E-30,,
1673.403502,2.61314E-08,1.82501E-05,3.6555E-06,2.18352E-13,9.22819E-31,,
1673.503883,2.81642E-08,1.83646E-05,3.5238E-06,1.96599E-13,7.52926E-31,,
1673.604264,3.03416E-08,1.84773E-05,3.39604E-06,1.76962E-13,6.1409E-31,,
1673.704646,3.26727E-08,1.8588E-05,3.27213E-06,1.59241E-13,5.00675E-31,,
1673.805027,3.51671E-08,1.86967E-05,3.15198E-06,1.43254E-13,4.0806E-31,,
1673.905408,3.78349E-08,1.88033E-05,3.03552E-06,1.28835E-13,3.32458E-31,,
1673.909,3.79337E-08,1.88071E-05,3.03142E-06,1.28346E-13,3.30027E-31,,
1674.00579,4.06869E-08,1.89078E-05,2.92266E-06,1.15834E-13,2.70765E-31,,
1674.106171,4.37343E-08,1.90103E-05,2.81333E-06,1.04115E-13,2.20442E-31,,
1674.206553,4.69888E-08,1.91105E-05,2.70743E-06,9.35547E-14,1.79407E-31,,
1674.306934,5.04629E-08,1.92085E-05,2.6049E-06,8.40416E-14,1.45958E-31,,
1674.407315,5.41695E-08,1.93043E-05,2.50565E-06,7.54742E-14,1.18703E-31,,
1674.507697,5.81223E-08,1.93978E-05,2.4096E-06,6.77608E-14,9.65025E-32,,
1674.608078,6.23356E-08,1.9489E-05,2.31668E-06,6.08182E-14,7.84261E-32,,
1674.708459,6.68243E-08,1.95778E-05,2.22681E-06,5.45713E-14,6.37127E-32,,
1674.808841,7.16041E-08,1.96642E-05,2.13992E-06,4.8952E-14,5.17412E-32,,
1674.909222,7.66915E-08,1.97481E-05,2.05592E-06,4.38988E-14,4.2004E-32,,
1675.009604,8.21034E-08,1.98296E-05,1.97475E-06,3.93559E-14,3.4087E-32,,
1675.109985,8.78578E-08,1.99086E-05,1.89632E-06,3.52731E-14,2.76523E-32,,
1675.210366,9.39734E-08,1.9985E-05,1.82058E-06,3.16047E-14,2.24243E-32,,
1675.310748,1.0047E-07,2.00589E-05,1.74744E-06,2.83098E-14,1.81781E-32,,
1675.838,1.41682E-07,2.04036E-05,1.40334E-06,1.5803E-14,5.99966E-33,,
1676.314562,1.91259E-07,2.06502E-05,1.14449E-06,9.26687E-15,2.18419E-33,,
1676.414943,2.03474E-07,2.0694E-05,1.09562E-06,8.27463E-15,1.76363E-33,,
1676.515324,2.16372E-07,2.0735E-05,1.04859E-06,7.38651E-15,1.42354E-33,,
1676.615706,2.29985E-07,2.07731E-05,1.00334E-06,6.59182E-15,1.14861E-33,,
1676.716087,2.44344E-07,2.08082E-05,9.59808E-07,5.88095E-15,9.26453E-34,,
1676.816468,2.59484E-07,2.08405E-05,9.17946E-07,5.24523E-15,7.46994E-34,,
1676.91685,2.75438E-07,2.08699E-05,8.777E-07,4.6769E-15,6.02081E-34,,
1677.017231,2.92242E-07,2.08963E-05,8.39017E-07,4.16895E-15,4.85107E-34,,
1677.117613,3.09932E-07,2.09197E-05,8.01847E-07,3.7151E-15,3.90718E-34,,
1677.217994,3.28545E-07,2.09402E-05,7.6614E-07,3.30971E-15,3.14582E-34,,
1677.318375,3.48121E-07,2.09577E-05,7.31848E-07,2.94771E-15,2.53192E-34,,
1677.418757,3.68697E-07,2.09722E-05,6.98924E-07,2.62456E-15,2.03708E-34,,
1677.519138,3.90314E-07,2.09838E-05,6.6732E-07,2.33616E-15,1.63837E-34,,
1677.61952,4.13013E-07,2.09924E-05,6.36994E-07,2.07886E-15,1.31722E-34,,
1677.719901,4.36837E-07,2.09979E-05,6.07899E-07,1.84936E-15,1.05864E-34,,
1677.766,4.48166E-07,2.09995E-05,5.9494E-07,1.75247E-15,9.57441E-35,,
1677.820282,4.61828E-07,2.10005E-05,5.79995E-07,1.64473E-15,8.50523E-35,,
1677.920664,4.88029E-07,2.10001E-05,5.53239E-07,1.46232E-15,6.83071E-35,,
1678.021045,5.15486E-07,2.09967E-05,5.27591E-07,1.29977E-15,5.4839E-35,,
1678.121426,5.44243E-07,2.09902E-05,5.03012E-07,1.15496E-15,4.40107E-35,,
1678.221808,5.74347E-07,2.09808E-05,4.79463E-07,1.02599E-15,3.53078E-35,,
1678.322189,6.05844E-07,2.09685E-05,4.56907E-07,9.11156E-16,2.83157E-35,,
1678.422571,6.38783E-07,2.09531E-05,4.35307E-07,8.08945E-16,2.27001E-35,,
1678.522952,6.73209E-07,2.09347E-05,4.1463E-07,7.17994E-16,1.81917E-35,,
1678.623333,7.09174E-07,2.09134E-05,3.9484E-07,6.37086E-16,1.45734E-35,,
1678.723715,7.46724E-07,2.08891E-05,3.75904E-07,5.65134E-16,1.16707E-35,,
1678.824096,7.8591E-07,2.08619E-05,3.57791E-07,5.01164E-16,9.34272E-36,,
1678.924477,8.26782E-07,2.08317E-05,3.4047E-07,4.44308E-16,7.47644E-36,,
1679.024859,8.69389E-07,2.07987E-05,3.23909E-07,3.93789E-16,5.98082E-36,,
1679.12524,9.13782E-07,2.07627E-05,3.0808E-07,3.48914E-16,4.78268E-36,,
1679.225622,9.60012E-07,2.07238E-05,2.92954E-07,3.09065E-16,3.82319E-36,,
1679.695,1.20203E-06,2.0504E-05,2.30774E-07,1.7463E-16,1.33549E-36,,
1680.53058,1.75062E-06,1.99638E-05,1.48973E-07,6.22334E-17,2.01397E-37,,
1680.630961,1.82767E-06,1.98867E-05,1.41185E-07,5.4905E-17,1.60187E-37,,
1680.731342,1.90726E-06,1.9807E-05,1.33771E-07,4.84257E-17,1.27363E-37,,
1680.831724,1.98942E-06,1.97248E-05,1.26717E-07,4.26988E-17,1.01229E-37,,
1680.932105,2.0742E-06,1.96402E-05,1.20006E-07,3.76383E-17,8.04285E-38,,
1681.032486,2.16161E-06,1.95531E-05,1.13623E-07,3.31681E-17,6.38793E-38,,
1681.132868,2.2517E-06,1.94636E-05,1.07554E-07,2.92205E-17,5.0717E-38,,
1681.233249,2.34449E-06,1.93718E-05,1.01785E-07,2.57353E-17,4.02524E-38,,
1681.333631,2.44001E-06,1.92777E-05,9.6302E-08,2.26593E-17,3.19355E-38,,
1681.434012,2.53829E-06,1.91812E-05,9.10927E-08,1.99452E-17,2.5328E-38,,
1681.534393,2.63934E-06,1.90826E-05,8.61445E-08,1.75512E-17,2.00804E-38,,
1681.623,2.73085E-06,1.89937E-05,8.19842E-08,1.56742E-17,1.63546E-38,,
1681.634775,2.74318E-06,1.89817E-05,8.14456E-08,1.54401E-17,1.59143E-38,,
1681.735156,2.84983E-06,1.88787E-05,7.69845E-08,1.35791E-17,1.2608E-38,,
1681.835538,2.9593E-06,1.87736E-05,7.27504E-08,1.19389E-17,9.98501E-39,,
1681.935919,3.07159E-06,1.86663E-05,6.87326E-08,1.04939E-17,7.90489E-39,,
1682.0363,3.18672E-06,1.85571E-05,6.49213E-08,9.22109E-18,6.25587E-39,,
1682.136682,3.30467E-06,1.84458E-05,6.13065E-08,8.10036E-18,4.94907E-39,,
1682.237063,3.42546E-06,1.83327E-05,5.78792E-08,7.1138E-18,3.91384E-39,,
1682.337444,3.54907E-06,1.82176E-05,5.46304E-08,6.2456E-18,3.09405E-39,,
1682.437826,3.6755E-06,1.81006E-05,5.15516E-08,5.48179E-18,2.4451E-39,,
1682.538207,3.80472E-06,1.79818E-05,4.86347E-08,4.81002E-18,1.93156E-39,,
1682.638589,3.93671E-06,1.78613E-05,4.58718E-08,4.21935E-18,1.52533E-39,,
1682.73897,4.07146E-06,1.7739E-05,4.32555E-08,3.70016E-18,1.20411E-39,,
1682.839351,4.20894E-06,1.76151E-05,4.07787E-08,3.24393E-18,9.50192E-40,,
1682.939733,4.3491E-06,1.74895E-05,3.84345E-08,2.84314E-18,7.4955E-40,,
1683.040114,4.49192E-06,1.73623E-05,3.62163E-08,2.49115E-18,5.91063E-40,,
1683.140495,4.63735E-06,1.72336E-05,3.41181E-08,2.18211E-18,4.6592E-40,,
1683.240877,4.78534E-06,1.71035E-05,3.21336E-08,1.91086E-18,3.67142E-40,,
1683.341258,4.93583E-06,1.69718E-05,3.02574E-08,1.67285E-18,2.89201E-40,,
1683.44164,5.08878E-06,1.68388E-05,2.84839E-08,1.46407E-18,2.27725E-40,,
1683.542021,5.24412E-06,1.67045E-05,2.68079E-08,1.28098E-18,1.79252E-40,,
1683.552,5.25969E-06,1.66911E-05,2.66464E-08,1.26406E-18,1.75034E-40,,
1683.642402,5.40177E-06,1.65688E-05,2.52245E-08,1.12046E-18,1.41047E-40,,
1683.742784,5.56167E-06,1.6432E-05,2.37289E-08,9.79775E-19,1.10944E-40,,
1683.843165,5.72373E-06,1.62939E-05,2.23167E-08,8.5651E-19,8.72354E-41,,
1683.943547,5.88788E-06,1.61547E-05,2.09835E-08,7.48538E-19,6.85684E-41,,
1684.043928,6.05401E-06,1.60143E-05,1.97252E-08,6.5399E-19,5.38765E-41,,
1684.144309,6.22205E-06,1.5873E-05,1.85379E-08,5.71221E-19,4.23174E-41,,
1684.244691,6.39188E-06,1.57306E-05,1.74179E-08,4.98784E-19,3.32264E-41,,
1684.345072,6.5634E-06,1.55873E-05,1.63616E-08,4.35408E-19,2.6079E-41,,
1684.445453,6.7365E-06,1.54431E-05,1.53658E-08,3.79975E-19,2.04617E-41,,
1684.545835,6.91107E-06,1.5298E-05,1.44271E-08,3.31505E-19,1.60487E-41,,
1684.646216,7.08698E-06,1.51522E-05,1.35424E-08,2.89135E-19,1.25829E-41,,
1684.746598,7.26411E-06,1.50056E-05,1.2709E-08,2.52108E-19,9.86198E-42,,
1684.846979,7.44233E-06,1.48583E-05,1.19241E-08,2.1976E-19,7.72668E-42,,
1685.48,8.5823E-06,1.39163E-05,7.93265E-09,9.18316E-20,1.64487E-42,,
1685.549649,8.70845E-06,1.38115E-05,7.58038E-09,8.33672E-20,1.38622E-42,,
1685.65003,8.89015E-06,1.36603E-05,7.09856E-09,7.25038E-20,1.08297E-42,,
1685.750411,9.07157E-06,1.35089E-05,6.64577E-09,6.3038E-20,8.45749E-43,,
1685.850793,9.25255E-06,1.33572E-05,6.22037E-09,5.47923E-20,6.60256E-43,,
1685.951174,9.4329E-06,1.32053E-05,5.82081E-09,4.76116E-20,5.15261E-43,,
1686.051556,9.61246E-06,1.30533E-05,5.44561E-09,4.136E-20,4.01963E-43,,
1686.151937,9.79104E-06,1.29012E-05,5.09338E-09,3.5919E-20,3.13465E-43,,
1686.252318,9.96847E-06,1.27491E-05,4.76278E-09,3.11849E-20,2.44364E-43,,
1686.3527,1.01446E-05,1.25969E-05,4.45258E-09,2.70669E-20,1.90427E-43,,
1686.453081,1.03191E-05,1.24448E-05,4.16159E-09,2.3486E-20,1.48342E-43,,
1686.553462,1.0492E-05,1.22928E-05,3.88868E-09,2.0373E-20,1.15517E-43,,
1686.653844,1.0663E-05,1.21409E-05,3.6328E-09,1.76676E-20,8.99227E-44,,
1686.754225,1.08319E-05,1.19892E-05,3.39294E-09,1.5317E-20,6.99741E-44,,
1686.854607,1.09986E-05,1.18377E-05,3.16816E-09,1.32754E-20,5.44315E-44,,
1686.954988,1.11628E-05,1.16864E-05,2.95756E-09,1.15026E-20,4.2326E-44,,
1687.055369,1.13244E-05,1.15354E-05,2.7603E-09,9.96364E-21,3.29009E-44,,
1687.155751,1.14831E-05,1.13847E-05,2.57558E-09,8.62814E-21,2.55654E-44,,
1687.256132,1.16389E-05,1.12344E-05,2.40265E-09,7.46951E-21,1.98583E-44,,
1687.356514,1.17915E-05,1.10845E-05,2.24079E-09,6.46461E-21,1.54197E-44,,
1687.408,1.18685E-05,1.10078E-05,2.16185E-09,6.00219E-21,1.35414E-44,,
1687.456895,1.19408E-05,1.09351E-05,2.08934E-09,5.59331E-21,1.19689E-44,,
1687.557276,1.20865E-05,1.07861E-05,1.94765E-09,4.83805E-21,9.28701E-45,,
1687.657658,1.22285E-05,1.06376E-05,1.81514E-09,4.18357E-21,7.20348E-45,,
1687.758039,1.23666E-05,1.04897E-05,1.69124E-09,3.61659E-21,5.58538E-45,,
1687.85842,1.25007E-05,1.03423E-05,1.57542E-09,3.12556E-21,4.32919E-45,,
1687.958802,1.26306E-05,1.01956E-05,1.46718E-09,2.70042E-21,3.35433E-45,,
1688.059183,1.27561E-05,1.00495E-05,1.36605E-09,2.33244E-21,2.59806E-45,,
1688.159565,1.2877E-05,9.90414E-06,1.27158E-09,2.01403E-21,2.01157E-45,,
1688.259946,1.29933E-05,9.75945E-06,1.18337E-09,1.73858E-21,1.55692E-45,,
1688.360327,1.31048E-05,9.6155E-06,1.10101E-09,1.50038E-21,1.2046E-45,,
1688.460709,1.32113E-05,9.47233E-06,1.02413E-09,1.29444E-21,9.3167E-46,,
1688.56109,1.33126E-05,9.32995E-06,9.52399E-10,1.11645E-21,7.20321E-46,,
1688.661471,1.34088E-05,9.18841E-06,8.85477E-10,9.6266E-22,5.56716E-46,,
1688.761853,1.34996E-05,9.04772E-06,8.23061E-10,8.29814E-22,4.30117E-46,,
1688.862234,1.35849E-05,8.90791E-06,7.64861E-10,7.15096E-22,3.32187E-46,,
1688.962616,1.36646E-05,8.76901E-06,7.10607E-10,6.16061E-22,2.56462E-46,,
1689.062997,1.37386E-05,8.63105E-06,6.60042E-10,5.30589E-22,1.97928E-46,,
1689.163378,1.38068E-05,8.49404E-06,6.12929E-10,4.56845E-22,1.52699E-46,,
1689.26376,1.38691E-05,8.35802E-06,5.69043E-10,3.93237E-22,1.17763E-46,,
1689.337,1.39109E-05,8.25941E-06,5.38937E-10,3.52426E-22,9.74072E-47,,
1689.364141,1.39255E-05,8.223E-06,5.28172E-10,3.38389E-22,9.07878E-47,,
1689.464523,1.39759E-05,8.08901E-06,4.9012E-10,2.91107E-22,6.99663E-47,,
1689.564904,1.40201E-05,7.95607E-06,4.547E-10,2.5036E-22,5.39007E-47,,
1689.665285,1.40581E-05,7.82419E-06,4.21738E-10,2.15255E-22,4.15092E-47,,
1689.765667,1.409E-05,7.69341E-06,3.91073E-10,1.85019E-22,3.1955E-47,,
1689.866048,1.41156E-05,7.56373E-06,3.6255E-10,1.58985E-22,2.4591E-47,,
1689.966429,1.41349E-05,7.43517E-06,3.36027E-10,1.36575E-22,1.89173E-47,,
1690.066811,1.41478E-05,7.30776E-06,3.1137E-10,1.1729E-22,1.45474E-47,,
1690.167192,1.41545E-05,7.1815E-06,2.88453E-10,1.007E-22,1.1183E-47,,
1690.267574,1.41548E-05,7.05642E-06,2.67159E-10,8.64309E-23,8.59354E-48,,
1690.367955,1.41487E-05,6.93253E-06,2.47377E-10,7.41627E-23,6.60133E-48,,
1690.468336,1.41363E-05,6.80985E-06,2.29006E-10,6.36177E-23,5.06914E-48,,
1690.568718,1.41176E-05,6.68837E-06,2.11947E-10,5.45565E-23,3.89119E-48,,
1690.669099,1.40926E-05,6.56813E-06,1.96113E-10,4.67724E-23,2.98589E-48,,
1690.76948,1.40613E-05,6.44913E-06,1.81418E-10,4.00875E-23,2.29039E-48,,
1690.869862,1.40238E-05,6.33139E-06,1.67784E-10,3.43482E-23,1.75627E-48,,
1690.970243,1.39801E-05,6.2149E-06,1.55138E-10,2.94221E-23,1.34622E-48,,
1691.070625,1.39303E-05,6.09969E-06,1.4341E-10,2.51953E-23,1.03153E-48,,
1691.171006,1.38745E-05,5.98576E-06,1.32537E-10,2.15696E-23,7.90125E-49,,
1691.265,1.38168E-05,5.88025E-06,1.23078E-10,1.86442E-23,6.15368E-49,,
1691.271387,1.38127E-05,5.87312E-06,1.22459E-10,1.84603E-23,6.04996E-49,,
1691.371769,1.3745E-05,5.76178E-06,1.13121E-10,1.57947E-23,4.63078E-49,,
1691.47215,1.36715E-05,5.65174E-06,1.04469E-10,1.35101E-23,3.54323E-49,,
1691.572532,1.35923E-05,5.54301E-06,9.64562E-11,1.15527E-23,2.71012E-49,,
1691.672913,1.35075E-05,5.4356E-06,8.90365E-11,9.876E-24,2.07216E-49,,
1691.773294,1.34172E-05,5.32951E-06,8.21679E-11,8.44026E-24,1.5838E-49,,
1691.873676,1.33215E-05,5.22475E-06,7.5811E-11,7.21118E-24,1.2101E-49,,
1691.974057,1.32206E-05,5.12131E-06,6.99292E-11,6.15931E-24,9.24248E-50,,
1692.074438,1.31146E-05,5.0192E-06,6.44882E-11,5.25936E-24,7.05665E-50,,
1692.17482,1.30036E-05,4.91843E-06,5.94564E-11,4.48963E-24,5.38584E-50,,
1692.275201,1.28877E-05,4.819E-06,5.4804E-11,3.83144E-24,4.10915E-50,,
1692.375583,1.27672E-05,4.7209E-06,5.05036E-11,3.26882E-24,3.13397E-50,,
1692.475964,1.26421E-05,4.62414E-06,4.65295E-11,2.78801E-24,2.38936E-50,,
1692.576345,1.25126E-05,4.52871E-06,4.28578E-11,2.37724E-24,1.82102E-50,,
1692.676727,1.23789E-05,4.43462E-06,3.94665E-11,2.02641E-24,1.38736E-50,,
1692.777108,1.22411E-05,4.34187E-06,3.63347E-11,1.72686E-24,1.0566E-50,,
1692.877489,1.20995E-05,4.25045E-06,3.34435E-11,1.47117E-24,8.04402E-51,,
1692.977871,1.19541E-05,4.16036E-06,3.0775E-11,1.25298E-24,6.12183E-51,,
1693.078252,1.18051E-05,4.0716E-06,2.83126E-11,1.06685E-24,4.65729E-51,,
1693.178634,1.16528E-05,3.98417E-06,2.6041E-11,9.08101E-25,3.54185E-51,,
1693.194,1.16292E-05,3.9709E-06,2.57092E-11,8.85957E-25,3.39637E-51,,
1693.279015,1.14973E-05,3.89805E-06,2.39459E-11,7.72756E-25,2.69259E-51,,
1693.379396,1.13388E-05,3.81325E-06,2.20141E-11,6.57394E-25,2.04624E-51,,
1693.479778,1.11775E-05,3.72977E-06,2.02333E-11,5.59094E-25,1.55448E-51,,
1693.580159,1.10135E-05,3.64759E-06,1.85921E-11,4.75356E-25,1.18048E-51,,
1693.680541,1.08471E-05,3.56672E-06,1.70799E-11,4.04045E-25,8.96139E-52,,
1693.780922,1.06783E-05,3.48714E-06,1.5687E-11,3.43333E-25,6.80044E-52,,
1693.881303,1.05075E-05,3.40885E-06,1.44042E-11,2.9166E-25,5.15873E-52,,
1693.981685,1.03348E-05,3.33184E-06,1.32232E-11,2.47693E-25,3.91194E-52,,
1694.483592,9.44914E-06,2.96577E-06,8.5902E-12,1.08951E-25,9.75676E-53,,
1694.583973,9.26886E-06,2.89629E-06,7.87454E-12,9.23678E-26,7.38279E-53,,
1694.684354,9.08793E-06,2.82803E-06,7.21676E-12,7.82864E-26,5.58444E-53,,
1694.784736,8.90654E-06,2.76099E-06,6.61235E-12,6.63327E-26,4.22263E-53,,
1694.885117,8.72486E-06,2.69515E-06,6.05711E-12,5.61881E-26,3.19177E-53,,
1694.985498,8.54305E-06,2.63051E-06,5.54716E-12,4.75813E-26,2.4117E-53,,
1695.08588,8.36127E-06,2.56706E-06,5.07893E-12,4.02814E-26,1.82163E-53,,
1695.122,8.29591E-06,2.54451E-06,4.92001E-12,3.79356E-26,1.64653E-53,,
1695.186261,8.1797E-06,2.50477E-06,4.64911E-12,3.40916E-26,1.37543E-53,,
1695.286643,7.99848E-06,2.44365E-06,4.25464E-12,2.88448E-26,1.03816E-53,,
1695.387024,7.81777E-06,2.38368E-06,3.89272E-12,2.43984E-26,7.83308E-54,,
1695.487405,7.63772E-06,2.32485E-06,3.56072E-12,2.06315E-26,5.90807E-54,,
1695.587787,7.45847E-06,2.26715E-06,3.25626E-12,1.74412E-26,4.45453E-54,,
1695.688168,7.28015E-06,2.21056E-06,2.97712E-12,1.474E-26,3.3574E-54,,
1695.78855,7.10292E-06,2.15508E-06,2.72126E-12,1.24536E-26,2.52958E-54,,
1695.888931,6.92689E-06,2.10069E-06,2.48679E-12,1.05188E-26,1.90519E-54,,
1695.989312,6.7522E-06,2.04739E-06,2.27198E-12,8.88209E-27,1.43441E-54,,
1696.089694,6.57896E-06,1.99515E-06,2.07523E-12,7.49788E-27,1.07957E-54,,
1696.190075,6.40729E-06,1.94396E-06,1.89506E-12,6.32758E-27,8.12217E-55,,
1696.290456,6.2373E-06,1.89382E-06,1.73012E-12,5.33841E-27,6.10856E-55,,
1696.390838,6.06911E-06,1.84471E-06,1.57916E-12,4.50259E-27,4.5925E-55,,
1696.491219,5.90279E-06,1.79662E-06,1.44102E-12,3.79654E-27,3.45147E-55,,
1696.591601,5.73846E-06,1.74953E-06,1.31466E-12,3.20029E-27,2.593E-55,,
1696.691982,5.57621E-06,1.70343E-06,1.19908E-12,2.6969E-27,1.94736E-55,,
1696.792363,5.41611E-06,1.65831E-06,1.09341E-12,2.27205E-27,1.46195E-55,,
1696.892745,5.25825E-06,1.61416E-06,9.96808E-13,1.91358E-27,1.09715E-55,,
1696.993126,5.10271E-06,1.57095E-06,9.08525E-13,1.6112E-27,8.23076E-56,,
1697.051,5.01411E-06,1.54647E-06,8.61131E-13,1.4589E-27,6.97273E-56,,
1697.093508,4.94954E-06,1.52869E-06,8.27862E-13,1.35621E-27,6.17248E-56,,
1697.193889,4.79882E-06,1.48735E-06,7.5418E-13,1.14125E-27,4.62726E-56,,
1697.29427,4.6506E-06,1.44692E-06,6.86891E-13,9.60091E-28,3.46763E-56,,
1697.394652,4.50494E-06,1.40738E-06,6.25456E-13,8.07454E-28,2.59767E-56,,
1697.495033,4.36189E-06,1.36874E-06,5.6938E-13,6.78889E-28,1.94528E-56,,
1697.595414,4.22148E-06,1.33096E-06,5.18207E-13,5.70631E-28,1.4562E-56,,
1697.695796,4.08376E-06,1.29405E-06,4.7152E-13,4.79499E-28,1.0897E-56,,
1697.796177,3.94876E-06,1.25797E-06,4.28936E-13,4.02806E-28,8.15147E-57,,
1697.896559,3.81652E-06,1.22273E-06,3.90105E-13,3.38282E-28,6.0955E-57,,
1697.99694,3.68705E-06,1.18831E-06,3.54705E-13,2.84013E-28,4.55645E-57,,
1698.097321,3.56037E-06,1.15469E-06,3.22439E-13,2.38381E-28,3.40478E-57,,
1698.197703,3.43651E-06,1.12186E-06,2.93038E-13,2.00024E-28,2.54328E-57,,
1698.298084,3.31546E-06,1.08981E-06,2.66255E-13,1.67791E-28,1.89909E-57,,
1698.398465,3.19725E-06,1.05852E-06,2.41861E-13,1.40711E-28,1.41755E-57,,
1698.498847,3.08187E-06,1.02799E-06,2.1965E-13,1.17968E-28,1.05774E-57,,
1698.599228,2.96932E-06,9.98192E-07,1.99431E-13,9.8873E-29,7.88969E-58,,
1698.69961,2.85959E-06,9.69121E-07,1.81029E-13,8.28449E-29,5.88284E-58,,
1698.799991,2.75269E-06,9.40763E-07,1.64286E-13,6.93951E-29,4.38488E-58,,
1698.900372,2.6486E-06,9.13104E-07,1.49056E-13,5.81123E-29,3.26718E-58,,
1698.979,2.56901E-06,8.91919E-07,1.38096E-13,5.05615E-29,2.59401E-58,,
1699.000754,2.5473E-06,8.86131E-07,1.35206E-13,4.86499E-29,2.43351E-58,,
1699.101135,2.44877E-06,8.59833E-07,1.22613E-13,4.07167E-29,1.81191E-58,,
1699.201517,2.353E-06,8.34197E-07,1.11166E-13,3.40673E-29,1.3486E-58,,
1699.301898,2.25997E-06,8.09209E-07,1.00764E-13,2.84957E-29,1.0034E-58,,
1699.402279,2.16963E-06,7.84857E-07,9.13132E-14,2.38284E-29,7.46298E-59,,
1699.502661,2.08198E-06,7.6113E-07,8.27291E-14,1.99199E-29,5.54872E-59,,
1699.603042,1.99697E-06,7.38015E-07,7.4934E-14,1.66477E-29,4.12398E-59,,
1699.703423,1.91457E-06,7.155E-07,6.78572E-14,1.39091E-29,3.06398E-59,,
1699.803805,1.83475E-06,6.93573E-07,6.14339E-14,1.16176E-29,2.27561E-59,,
1699.904186,1.75747E-06,6.72221E-07,5.56054E-14,9.70089E-30,1.68949E-59,,
1700.004568,1.68269E-06,6.51434E-07,5.03178E-14,8.09807E-30,1.25388E-59,,
1700.104949,1.61037E-06,6.312E-07,4.55221E-14,6.75814E-30,9.30256E-60,,
1700.20533,1.54046E-06,6.11507E-07,4.11736E-14,5.6383E-30,6.8991E-60,,
1700.305712,1.47293E-06,5.92344E-07,3.72315E-14,4.70267E-30,5.11477E-60,,
1700.406093,1.40773E-06,5.737E-07,3.36589E-14,3.92118E-30,3.79057E-60,,
1700.506474,1.34481E-06,5.55563E-07,3.04217E-14,3.26862E-30,2.80819E-60,,
1700.606856,1.28413E-06,5.37922E-07,2.74893E-14,2.72388E-30,2.07966E-60,,
1700.707237,1.22563E-06,5.20768E-07,2.48337E-14,2.26927E-30,1.53958E-60,,
1700.807619,1.16928E-06,5.04089E-07,2.24292E-14,1.88999E-30,1.13935E-60,,
1700.908,1.11502E-06,4.87874E-07,2.02526E-14,1.57366E-30,8.42863E-61,,
